"row_id","order_id","order_date","ship_date","customer_id","product_id","quantity","discount","sales","profit","ship_mode"
"1","ORD-00609","2024-03-09","2024-03-16","CUST-0209","PROD-0012","1","0.15","235.08","55.25","Standard Class"
"2","ORD-02201","2024-08-25","2024-08-30","CUST-0226","PROD-0018","6","0.05","447.05","145.61","Standard Class"
"3","ORD-04664","2025-05-09","2025-05-14","CUST-0071","PROD-0007","7","0.00","2867.55","847.63","Second Class"
"4","ORD-01900","2024-10-18","2024-10-20","CUST-0067","PROD-0036","6","0.00","2978.34","813.48","Standard Class"
"5","ORD-00740","2023-05-22","2023-05-25","CUST-0060","PROD-0006","10","0.15","6013.24","2013.54","Standard Class"
"6","ORD-04116","2024-04-27","2024-04-29","CUST-0104","PROD-0030","10","0.00","5313.60","1680.50","Standard Class"
"7","ORD-03003","2024-01-26","2024-02-01","CUST-0064","PROD-0009","1","0.00","458.46","197.99","Standard Class"
"8","ORD-01081","2024-09-12","2024-09-14","CUST-0190","PROD-0038","2","0.00","332.20","82.58","Standard Class"
"9","ORD-05413","2023-06-09","2023-06-16","CUST-0017","PROD-0017","7","0.00","655.13","306.04","Standard Class"
"10","ORD-05454","2024-04-08","2024-04-12","CUST-0246","PROD-0004","11","0.00","6404.09","2844.60","First Class"
"11","ORD-04437","2023-07-19","2023-07-20","CUST-0231","PROD-0001","3","0.00","1372.14","534.78","Second Class"
"12","ORD-03411","2025-03-12","2025-03-13","CUST-0157","PROD-0028","5","0.00","115.95","37.80","Standard Class"
"13","ORD-01578","2024-03-18","2024-03-24","CUST-0128","PROD-0007","9","0.10","3318.16","721.12","First Class"
"14","ORD-01809","2025-11-30","2025-12-05","CUST-0250","PROD-0027","11","0.00","777.70","339.68","First Class"
"15","ORD-04850","2023-08-13","2023-08-20","CUST-0180","PROD-0006","8","0.00","5659.52","2459.76","First Class"
"16","ORD-06077","2024-03-06","2024-03-08","CUST-0073","PROD-0015","7","0.20","499.02","85.46","Standard Class"
"17","ORD-04425","2024-12-12","2024-12-17","CUST-0154","PROD-0027","3","0.05","201.50","82.04","Second Class"
"18","ORD-00782","2025-01-25","2025-01-26","CUST-0177","PROD-0001","11","0.00","5031.18","1960.86","Standard Class"
"19","ORD-00764","2025-08-16","2025-08-23","CUST-0243","PROD-0008","9","0.20","1060.06","281.38","First Class"
"20","ORD-06030","2024-07-13","2024-07-15","CUST-0249","PROD-0027","12","0.00","848.40","370.56","Standard Class"
"21","ORD-00138","2025-02-21","2025-02-27","CUST-0073","PROD-0017","11","0.20","823.59","275.02","Second Class"
"22","ORD-05253","2024-12-21","2024-12-26","CUST-0189","PROD-0007","10","0.00","4096.50","1210.90","Standard Class"
"23","ORD-02149","2023-07-21","2023-07-22","CUST-0181","PROD-0021","7","0.00","487.83","126.98","Second Class"
"24","ORD-03428","2025-10-16","2025-10-21","CUST-0067","PROD-0039","10","0.10","5797.44","1615.74","Second Class"
"25","ORD-00421","2024-06-29","2024-06-30","CUST-0055","PROD-0031","3","0.05","502.71","116.94","Standard Class"
"26","ORD-04847","2025-08-24","2025-08-28","CUST-0051","PROD-0005","1","0.05","247.91","87.18","Standard Class"
"27","ORD-04283","2025-08-05","2025-08-10","CUST-0117","PROD-0011","11","0.00","4951.10","1187.12","Same Day"
"28","ORD-04362","2025-09-20","2025-09-22","CUST-0158","PROD-0037","3","0.00","2177.82","853.47","Standard Class"
"29","ORD-02371","2025-08-29","2025-09-03","CUST-0156","PROD-0018","5","0.00","392.15","140.95","Standard Class"
"30","ORD-05583","2025-10-07","2025-10-09","CUST-0249","PROD-0035","8","0.00","3347.52","1061.92","Second Class"
"31","ORD-01589","2025-08-27","2025-09-03","CUST-0007","PROD-0015","12","0.00","1069.32","360.36","Standard Class"
"32","ORD-03476","2024-07-01","2024-07-03","CUST-0102","PROD-0014","11","0.00","2056.56","817.85","Second Class"
"33","ORD-05871","2023-12-31","2024-01-03","CUST-0002","PROD-0024","9","0.05","757.70","321.38","Standard Class"
"34","ORD-00251","2025-10-19","2025-10-25","CUST-0168","PROD-0017","8","0.00","748.72","349.76","First Class"
"35","ORD-04188","2025-06-13","2025-06-14","CUST-0030","PROD-0016","12","0.00","435.60","146.16","Standard Class"
"36","ORD-04322","2024-06-19","2024-06-22","CUST-0249","PROD-0001","9","0.00","4116.42","1604.34","Standard Class"
"37","ORD-05271","2025-01-07","2025-01-09","CUST-0213","PROD-0008","8","0.15","1001.16","309.00","Same Day"
"38","ORD-02019","2024-06-18","2024-06-22","CUST-0032","PROD-0020","8","0.20","340.03","95.55","First Class"
"39","ORD-03110","2023-11-06","2023-11-12","CUST-0152","PROD-0006","11","0.00","7781.84","3382.17","Standard Class"
"40","ORD-06407","2025-09-16","2025-09-23","CUST-0071","PROD-0016","5","0.00","181.50","60.90","Second Class"
"41","ORD-04394","2025-06-10","2025-06-16","CUST-0175","PROD-0011","9","0.05","3848.36","768.74","First Class"
"42","ORD-00687","2025-08-15","2025-08-19","CUST-0196","PROD-0029","7","0.10","293.71","83.85","Standard Class"
"43","ORD-03184","2024-11-11","2024-11-13","CUST-0068","PROD-0005","4","0.00","1043.84","400.92","Standard Class"
"44","ORD-03912","2023-07-24","2023-07-30","CUST-0043","PROD-0001","9","0.00","4116.42","1604.34","First Class"
"45","ORD-06110","2023-08-23","2023-08-29","CUST-0167","PROD-0018","9","0.00","705.87","253.71","Second Class"
"46","ORD-01183","2023-10-29","2023-11-01","CUST-0176","PROD-0020","11","0.05","555.21","219.05","Standard Class"
"47","ORD-03567","2025-07-04","2025-07-10","CUST-0104","PROD-0015","3","0.00","267.33","90.09","First Class"
"48","ORD-05515","2023-09-01","2023-09-06","CUST-0195","PROD-0016","11","0.00","399.30","133.98","Standard Class"
"49","ORD-03017","2024-12-05","2024-12-12","CUST-0035","PROD-0002","4","0.05","531.39","176.71","Standard Class"
"50","ORD-00786","2023-09-19","2023-09-24","CUST-0116","PROD-0012","3","0.20","663.77","124.28","Second Class"
"51","ORD-04584","2025-03-27","2025-04-02","CUST-0077","PROD-0032","2","0.05","340.04","89.70","Standard Class"
"52","ORD-03395","2025-03-09","2025-03-14","CUST-0092","PROD-0034","12","0.15","1894.45","342.97","Standard Class"
"53","ORD-00162","2025-05-10","2025-05-11","CUST-0158","PROD-0001","1","0.00","457.38","178.26","First Class"
"54","ORD-05717","2024-04-19","2024-04-21","CUST-0157","PROD-0015","6","0.05","507.93","153.45","Same Day"
"55","ORD-02630","2024-10-13","2024-10-15","CUST-0025","PROD-0003","7","0.00","1006.32","333.69","Standard Class"
"56","ORD-01719","2025-07-30","2025-08-05","CUST-0191","PROD-0001","7","0.10","2881.49","927.65","Second Class"
"57","ORD-00173","2024-01-07","2024-01-14","CUST-0165","PROD-0012","11","0.00","3042.27","1064.14","Second Class"
"58","ORD-00486","2024-05-16","2024-05-20","CUST-0166","PROD-0019","7","0.15","616.30","210.09","Standard Class"
"59","ORD-05197","2024-07-26","2024-07-27","CUST-0208","PROD-0012","3","0.10","746.74","207.25","Standard Class"
"60","ORD-00694","2025-04-18","2025-04-20","CUST-0158","PROD-0017","2","0.00","187.18","87.44","Second Class"
"61","ORD-02074","2025-03-13","2025-03-20","CUST-0181","PROD-0023","4","0.00","26.12","7.56","Standard Class"
"62","ORD-01333","2025-12-18","2025-12-23","CUST-0239","PROD-0032","11","0.05","1870.24","493.37","Standard Class"
"63","ORD-05730","2025-09-10","2025-09-13","CUST-0111","PROD-0029","5","0.15","198.13","48.23","Standard Class"
"64","ORD-05679","2025-10-08","2025-10-10","CUST-0127","PROD-0010","12","0.05","2086.09","481.81","Standard Class"
"65","ORD-06267","2025-10-31","2025-11-07","CUST-0235","PROD-0002","4","0.15","475.46","120.78","Standard Class"
"66","ORD-05085","2025-01-17","2025-01-20","CUST-0195","PROD-0037","8","0.15","4936.39","1404.79","Same Day"
"67","ORD-04974","2025-09-25","2025-09-28","CUST-0209","PROD-0037","12","0.00","8711.28","3413.88","Standard Class"
"68","ORD-00280","2024-04-19","2024-04-23","CUST-0024","PROD-0033","1","0.00","790.01","300.77","Standard Class"
"69","ORD-03540","2023-10-20","2023-10-26","CUST-0182","PROD-0017","12","0.00","1123.08","524.64","First Class"
"70","ORD-06241","2025-06-08","2025-06-13","CUST-0089","PROD-0039","5","0.00","3220.80","1129.95","Standard Class"
"71","ORD-01619","2025-09-11","2025-09-12","CUST-0126","PROD-0001","2","0.10","823.28","265.04","Standard Class"
"72","ORD-06243","2025-10-06","2025-10-08","CUST-0036","PROD-0016","12","0.00","435.60","146.16","Standard Class"
"73","ORD-03027","2025-09-21","2025-09-27","CUST-0161","PROD-0026","10","0.05","734.25","293.85","Standard Class"
"74","ORD-04214","2024-05-14","2024-05-17","CUST-0056","PROD-0013","1","0.20","414.13","105.33","Same Day"
"75","ORD-02712","2025-01-17","2025-01-19","CUST-0030","PROD-0017","4","0.00","374.36","174.88","Second Class"
"76","ORD-00846","2024-07-23","2024-07-30","CUST-0116","PROD-0019","5","0.00","517.90","227.75","Standard Class"
"77","ORD-00720","2025-12-05","2025-12-10","CUST-0155","PROD-0001","3","0.00","1372.14","534.78","Standard Class"
"78","ORD-03373","2024-06-17","2024-06-24","CUST-0211","PROD-0037","12","0.15","7404.59","2107.19","Second Class"
"79","ORD-02828","2024-05-14","2024-05-15","CUST-0036","PROD-0012","6","0.10","1493.48","414.50","Same Day"
"80","ORD-02400","2024-08-20","2024-08-24","CUST-0156","PROD-0038","1","0.00","166.10","41.29","Second Class"
"81","ORD-05257","2025-06-30","2025-07-04","CUST-0214","PROD-0023","3","0.10","17.63","3.71","Second Class"
"82","ORD-00554","2024-05-28","2024-05-30","CUST-0146","PROD-0002","4","0.15","475.46","120.78","Standard Class"
"83","ORD-03786","2025-11-09","2025-11-13","CUST-0226","PROD-0018","5","0.00","392.15","140.95","Second Class"
"84","ORD-04748","2024-07-08","2024-07-11","CUST-0104","PROD-0008","5","0.00","736.15","303.55","Standard Class"
"85","ORD-01803","2024-02-18","2024-02-24","CUST-0235","PROD-0032","6","0.15","912.75","161.73","First Class"
"86","ORD-01662","2024-03-06","2024-03-12","CUST-0208","PROD-0015","12","0.00","1069.32","360.36","First Class"
"87","ORD-01257","2025-04-27","2025-05-01","CUST-0125","PROD-0036","7","0.05","3300.99","775.32","Standard Class"
"88","ORD-05138","2025-01-23","2025-01-28","CUST-0105","PROD-0040","4","0.05","341.43","82.79","Second Class"
"89","ORD-04747","2025-11-27","2025-11-30","CUST-0158","PROD-0005","3","0.05","743.74","261.55","Standard Class"
"90","ORD-05514","2025-07-04","2025-07-08","CUST-0053","PROD-0007","5","0.05","1945.84","503.04","Standard Class"
"91","ORD-05019","2025-01-19","2025-01-22","CUST-0099","PROD-0029","10","0.10","419.58","119.78","Standard Class"
"92","ORD-05260","2024-09-27","2024-10-04","CUST-0055","PROD-0034","12","0.10","2005.88","454.40","Second Class"
"93","ORD-02672","2025-09-02","2025-09-06","CUST-0249","PROD-0026","8","0.00","618.32","266.00","Standard Class"
"94","ORD-04058","2025-07-09","2025-07-11","CUST-0244","PROD-0023","9","0.10","52.89","11.13","First Class"
"95","ORD-04994","2024-08-05","2024-08-08","CUST-0013","PROD-0034","9","0.15","1420.83","257.22","Standard Class"
"96","ORD-04187","2025-03-26","2025-03-28","CUST-0241","PROD-0001","5","0.15","1943.87","548.27","Standard Class"
"97","ORD-03177","2024-12-28","2025-01-03","CUST-0095","PROD-0015","5","0.00","445.55","150.15","First Class"
"98","ORD-03960","2023-09-17","2023-09-19","CUST-0112","PROD-0021","2","0.10","125.44","22.34","First Class"
"99","ORD-04412","2025-09-07","2025-09-10","CUST-0001","PROD-0024","10","0.00","886.20","401.40","Same Day"
"100","ORD-01875","2024-11-16","2024-11-23","CUST-0001","PROD-0029","3","0.05","132.87","42.93","Second Class"
"101","ORD-03571","2023-09-09","2023-09-14","CUST-0050","PROD-0038","4","0.20","531.52","32.28","Same Day"
"102","ORD-01123","2025-07-08","2025-07-14","CUST-0220","PROD-0037","10","0.00","7259.40","2844.90","Standard Class"
"103","ORD-04450","2024-12-14","2024-12-16","CUST-0103","PROD-0027","4","0.20","226.24","66.96","Standard Class"
"104","ORD-03832","2025-05-24","2025-05-31","CUST-0209","PROD-0027","5","0.05","335.82","136.72","Standard Class"
"105","ORD-00161","2025-04-30","2025-05-06","CUST-0213","PROD-0031","3","0.10","476.25","90.48","Standard Class"
"106","ORD-02092","2024-11-20","2024-11-23","CUST-0010","PROD-0040","6","0.00","539.10","151.14","Standard Class"
"107","ORD-01317","2023-07-03","2023-07-05","CUST-0236","PROD-0005","8","0.05","1983.30","697.46","First Class"
"108","ORD-01566","2025-01-18","2025-01-20","CUST-0229","PROD-0035","8","0.05","3180.14","894.54","First Class"
"109","ORD-04073","2024-07-08","2024-07-10","CUST-0026","PROD-0025","1","0.00","35.04","16.29","Standard Class"
"110","ORD-00683","2024-09-17","2024-09-21","CUST-0105","PROD-0025","11","0.00","385.44","179.19","Standard Class"
"111","ORD-05317","2024-08-21","2024-08-23","CUST-0064","PROD-0036","7","0.15","2953.52","427.85","First Class"
"112","ORD-05122","2024-11-05","2024-11-09","CUST-0067","PROD-0012","11","0.10","2738.04","759.91","Standard Class"
"113","ORD-05954","2025-04-16","2025-04-17","CUST-0031","PROD-0023","6","0.10","35.26","7.42","Second Class"
"114","ORD-06498","2025-07-25","2025-07-26","CUST-0039","PROD-0007","7","0.15","2437.42","417.50","Standard Class"
"115","ORD-02243","2025-05-08","2025-05-11","CUST-0241","PROD-0001","5","0.05","2172.55","776.95","Standard Class"
"116","ORD-01642","2025-09-15","2025-09-22","CUST-0214","PROD-0036","8","0.00","3971.12","1084.64","Standard Class"
"117","ORD-00378","2025-03-03","2025-03-05","CUST-0110","PROD-0030","7","0.05","3533.54","990.37","Standard Class"
"118","ORD-06183","2025-01-04","2025-01-09","CUST-0221","PROD-0016","9","0.00","326.70","109.62","Standard Class"
"119","ORD-05278","2024-09-25","2024-09-28","CUST-0154","PROD-0017","5","0.00","467.95","218.60","Standard Class"
"120","ORD-06422","2025-05-14","2025-05-20","CUST-0180","PROD-0005","10","0.15","2218.16","610.86","Standard Class"
"121","ORD-05842","2024-08-12","2024-08-13","CUST-0023","PROD-0003","1","0.20","115.01","18.92","Second Class"
"122","ORD-03806","2025-09-30","2025-10-06","CUST-0105","PROD-0011","12","0.00","5401.20","1295.04","First Class"
"123","ORD-01163","2024-05-26","2024-05-27","CUST-0099","PROD-0024","5","0.00","443.10","200.70","Standard Class"
"124","ORD-03299","2025-10-23","2025-10-28","CUST-0208","PROD-0032","12","0.10","1932.88","430.84","Standard Class"
"125","ORD-06166","2025-06-11","2025-06-17","CUST-0119","PROD-0015","11","0.05","931.20","281.32","Standard Class"
"126","ORD-04671","2024-06-20","2024-06-24","CUST-0076","PROD-0010","6","0.10","988.15","186.01","Standard Class"
"127","ORD-01861","2024-06-12","2024-06-17","CUST-0082","PROD-0022","8","0.00","225.28","90.08","Second Class"
"128","ORD-00946","2025-11-03","2025-11-10","CUST-0161","PROD-0036","4","0.00","1985.56","542.32","Standard Class"
"129","ORD-03425","2025-09-24","2025-10-01","CUST-0082","PROD-0003","4","0.05","546.29","161.93","Standard Class"
"130","ORD-04374","2025-06-11","2025-06-12","CUST-0173","PROD-0028","5","0.00","115.95","37.80","Second Class"
"131","ORD-03418","2025-04-19","2025-04-24","CUST-0109","PROD-0002","2","0.00","279.68","102.34","Standard Class"
"132","ORD-04736","2024-01-15","2024-01-22","CUST-0033","PROD-0038","12","0.15","1694.22","196.50","Standard Class"
"133","ORD-02278","2024-12-23","2024-12-24","CUST-0172","PROD-0038","4","0.15","564.74","65.50","Standard Class"
"134","ORD-05411","2024-08-01","2024-08-04","CUST-0151","PROD-0015","9","0.10","721.79","190.07","Standard Class"
"135","ORD-05483","2023-12-09","2023-12-12","CUST-0086","PROD-0015","10","0.00","891.10","300.30","Second Class"
"136","ORD-03666","2025-02-21","2025-02-23","CUST-0155","PROD-0025","8","0.00","280.32","130.32","First Class"
"137","ORD-02146","2023-12-23","2023-12-29","CUST-0036","PROD-0018","11","0.00","862.73","310.09","Standard Class"
"138","ORD-03563","2023-06-22","2023-06-26","CUST-0197","PROD-0008","12","0.00","1766.76","728.52","Second Class"
"139","ORD-04548","2025-12-16","2025-12-17","CUST-0132","PROD-0006","9","0.00","6366.96","2767.23","Standard Class"
"140","ORD-00335","2025-11-27","2025-12-04","CUST-0009","PROD-0012","6","0.00","1659.42","580.44","Standard Class"
"141","ORD-04366","2025-06-03","2025-06-08","CUST-0066","PROD-0029","1","0.00","46.62","16.64","First Class"
"142","ORD-04016","2024-06-26","2024-07-02","CUST-0185","PROD-0030","1","0.10","478.22","114.91","Second Class"
"143","ORD-04274","2023-11-15","2023-11-17","CUST-0207","PROD-0029","10","0.00","466.20","166.40","Standard Class"
"144","ORD-02475","2024-02-22","2024-02-29","CUST-0157","PROD-0028","4","0.00","92.76","30.24","Same Day"
"145","ORD-02924","2024-04-30","2024-05-07","CUST-0178","PROD-0031","8","0.00","1411.12","382.40","Standard Class"
"146","ORD-02992","2023-10-17","2023-10-20","CUST-0139","PROD-0007","3","0.05","1167.50","301.82","Standard Class"
"147","ORD-05358","2024-06-29","2024-07-03","CUST-0123","PROD-0004","4","0.10","2095.88","801.52","First Class"
"148","ORD-04201","2025-05-17","2025-05-20","CUST-0151","PROD-0025","8","0.00","280.32","130.32","Standard Class"
"149","ORD-00270","2024-07-05","2024-07-06","CUST-0186","PROD-0037","5","0.05","3448.22","1240.97","Second Class"
"150","ORD-05228","2024-07-13","2024-07-17","CUST-0217","PROD-0034","12","0.00","2228.76","677.28","Same Day"
"151","ORD-06115","2025-07-26","2025-08-02","CUST-0037","PROD-0005","5","0.00","1304.80","501.15","Second Class"
"152","ORD-03274","2024-11-08","2024-11-14","CUST-0185","PROD-0019","7","0.00","725.06","318.85","Standard Class"
"153","ORD-03853","2025-10-14","2025-10-21","CUST-0226","PROD-0025","4","0.15","119.14","44.14","Second Class"
"154","ORD-02254","2024-07-12","2024-07-15","CUST-0180","PROD-0028","11","0.10","229.58","57.65","Second Class"
"155","ORD-00954","2024-10-17","2024-10-21","CUST-0085","PROD-0034","9","0.00","1671.57","507.96","Standard Class"
"156","ORD-01271","2024-09-24","2024-09-25","CUST-0006","PROD-0039","12","0.05","7343.42","2325.38","First Class"
"157","ORD-03551","2024-06-18","2024-06-19","CUST-0139","PROD-0024","8","0.00","708.96","321.12","Second Class"
"158","ORD-02200","2023-10-23","2023-10-24","CUST-0003","PROD-0019","7","0.20","580.05","173.84","Second Class"
"159","ORD-03436","2025-01-10","2025-01-11","CUST-0081","PROD-0004","2","0.05","1106.16","458.98","Second Class"
"160","ORD-02433","2025-01-30","2025-02-01","CUST-0107","PROD-0013","2","0.10","931.79","314.19","Standard Class"
"161","ORD-03856","2024-06-16","2024-06-21","CUST-0128","PROD-0033","10","0.15","6715.09","1822.69","Standard Class"
"162","ORD-03805","2025-10-09","2025-10-11","CUST-0095","PROD-0004","5","0.15","2474.31","856.36","Standard Class"
"163","ORD-02739","2023-12-04","2023-12-05","CUST-0145","PROD-0031","12","0.05","2010.85","467.77","Standard Class"
"164","ORD-00206","2023-08-10","2023-08-12","CUST-0078","PROD-0011","6","0.15","2295.51","242.43","Standard Class"
"165","ORD-01593","2023-10-10","2023-10-12","CUST-0163","PROD-0010","3","0.00","548.97","147.90","Standard Class"
"166","ORD-00030","2024-11-15","2024-11-21","CUST-0154","PROD-0033","3","0.15","2014.53","546.81","Standard Class"
"167","ORD-03887","2025-09-12","2025-09-14","CUST-0065","PROD-0035","2","0.00","836.88","265.48","Standard Class"
"168","ORD-01847","2025-08-04","2025-08-11","CUST-0128","PROD-0007","1","0.00","409.65","121.09","First Class"
"169","ORD-06038","2025-12-12","2025-12-16","CUST-0174","PROD-0002","2","0.00","279.68","102.34","Second Class"
"170","ORD-05802","2024-07-10","2024-07-12","CUST-0156","PROD-0025","3","0.00","105.12","48.87","Standard Class"
"171","ORD-04755","2023-12-29","2024-01-01","CUST-0068","PROD-0006","10","0.00","7074.40","3074.70","Standard Class"
"172","ORD-03233","2024-05-28","2024-06-02","CUST-0065","PROD-0012","7","0.00","1935.99","677.18","Standard Class"
"173","ORD-06475","2025-04-08","2025-04-13","CUST-0076","PROD-0025","6","0.05","199.73","87.23","Standard Class"
"174","ORD-02132","2025-03-25","2025-03-26","CUST-0022","PROD-0010","10","0.05","1738.40","401.50","Second Class"
"175","ORD-04230","2023-07-08","2023-07-10","CUST-0093","PROD-0017","7","0.15","556.86","207.77","Second Class"
"176","ORD-04157","2024-10-20","2024-10-24","CUST-0053","PROD-0020","3","0.00","159.39","67.71","Standard Class"
"177","ORD-01736","2024-11-02","2024-11-03","CUST-0246","PROD-0018","7","0.00","549.01","197.33","Standard Class"
"178","ORD-02999","2025-04-07","2025-04-11","CUST-0250","PROD-0038","10","0.00","1661.00","412.90","Standard Class"
"179","ORD-01971","2024-06-21","2024-06-27","CUST-0164","PROD-0019","10","0.00","1035.80","455.50","Standard Class"
"180","ORD-00101","2025-10-25","2025-10-30","CUST-0030","PROD-0018","4","0.10","282.35","81.39","First Class"
"181","ORD-05481","2025-03-11","2025-03-15","CUST-0041","PROD-0028","6","0.10","125.23","31.45","First Class"
"182","ORD-05165","2023-03-16","2023-03-23","CUST-0216","PROD-0009","2","0.05","871.07","350.13","First Class"
"183","ORD-01202","2025-07-08","2025-07-09","CUST-0044","PROD-0035","12","0.00","5021.28","1592.88","Standard Class"
"184","ORD-02123","2024-09-18","2024-09-22","CUST-0231","PROD-0012","1","0.00","276.57","96.74","Standard Class"
"185","ORD-06037","2024-08-07","2024-08-08","CUST-0048","PROD-0010","10","0.00","1829.90","493.00","First Class"
"186","ORD-05904","2025-07-21","2025-07-23","CUST-0228","PROD-0039","8","0.05","4895.62","1550.26","Second Class"
"187","ORD-04304","2024-04-11","2024-04-15","CUST-0020","PROD-0031","5","0.05","837.85","194.90","Standard Class"
"188","ORD-03019","2025-11-26","2025-12-01","CUST-0185","PROD-0024","5","0.05","420.94","178.54","Standard Class"
"189","ORD-05266","2023-10-22","2023-10-25","CUST-0135","PROD-0022","10","0.00","281.60","112.60","First Class"
"190","ORD-00012","2023-11-11","2023-11-17","CUST-0120","PROD-0020","7","0.15","316.12","102.20","Standard Class"
"191","ORD-03303","2024-02-27","2024-03-04","CUST-0055","PROD-0032","6","0.00","1073.82","322.80","Same Day"
"192","ORD-00542","2025-11-21","2025-11-26","CUST-0039","PROD-0010","10","0.05","1738.40","401.50","Same Day"
"193","ORD-00009","2024-10-04","2024-10-10","CUST-0203","PROD-0038","4","0.00","664.40","165.16","Standard Class"
"194","ORD-05530","2023-07-28","2023-08-02","CUST-0120","PROD-0014","11","0.00","2056.56","817.85","Standard Class"
"195","ORD-03310","2025-01-21","2025-01-24","CUST-0171","PROD-0033","3","0.00","2370.03","902.31","Standard Class"
"196","ORD-03715","2023-03-11","2023-03-13","CUST-0043","PROD-0003","2","0.00","287.52","95.34","Second Class"
"197","ORD-04920","2025-11-20","2025-11-21","CUST-0245","PROD-0038","7","0.00","1162.70","289.03","Standard Class"
"198","ORD-02653","2025-08-26","2025-09-01","CUST-0032","PROD-0004","3","0.00","1746.57","775.80","Second Class"
"199","ORD-04540","2025-02-20","2025-02-22","CUST-0164","PROD-0002","6","0.00","839.04","307.02","Second Class"
"200","ORD-03112","2025-05-07","2025-05-08","CUST-0186","PROD-0005","10","0.10","2348.64","741.34","Standard Class"
"401","ORD-04511","2025-02-26","2025-02-28","CUST-0101","PROD-0021","10","0.05","662.05","146.55","Standard Class"
"402","ORD-01095","2025-05-22","2025-05-24","CUST-0106","PROD-0016","10","0.05","344.85","103.65","Standard Class"
"403","ORD-00586","2025-06-29","2025-07-04","CUST-0054","PROD-0011","3","0.00","1350.30","323.76","Second Class"
"404","ORD-02764","2025-07-13","2025-07-20","CUST-0164","PROD-0007","4","0.00","1638.60","484.36","Standard Class"
"405","ORD-05238","2024-05-12","2024-05-13","CUST-0200","PROD-0015","1","0.00","89.11","30.03","Standard Class"
"406","ORD-04330","2024-09-26","2024-09-27","CUST-0104","PROD-0012","12","0.00","3318.84","1160.88","Standard Class"
"407","ORD-04020","2025-06-25","2025-06-28","CUST-0166","PROD-0021","2","0.00","139.38","36.28","Standard Class"
"408","ORD-06354","2024-08-18","2024-08-19","CUST-0149","PROD-0014","1","0.00","186.96","74.35","Standard Class"
"409","ORD-03228","2025-06-30","2025-07-06","CUST-0001","PROD-0026","3","0.05","220.28","88.16","Second Class"
"410","ORD-03466","2025-11-27","2025-11-30","CUST-0189","PROD-0031","4","0.00","705.56","191.20","Second Class"
"411","ORD-03926","2024-10-11","2024-10-18","CUST-0001","PROD-0036","10","0.00","4963.90","1355.80","Second Class"
"412","ORD-03763","2024-04-09","2024-04-12","CUST-0098","PROD-0022","4","0.00","112.64","45.04","Standard Class"
"413","ORD-03818","2025-04-30","2025-05-02","CUST-0087","PROD-0011","4","0.00","1800.40","431.68","Same Day"
"414","ORD-03678","2025-10-03","2025-10-10","CUST-0244","PROD-0003","12","0.00","1725.12","572.04","Standard Class"
"415","ORD-04767","2023-09-01","2023-09-03","CUST-0025","PROD-0033","1","0.05","750.51","261.27","First Class"
"416","ORD-05637","2025-09-19","2025-09-23","CUST-0201","PROD-0036","1","0.05","471.57","110.76","First Class"
"417","ORD-03580","2025-03-31","2025-04-01","CUST-0008","PROD-0039","4","0.00","2576.64","903.96","Standard Class"
"418","ORD-03409","2025-11-19","2025-11-24","CUST-0075","PROD-0003","7","0.10","905.69","233.06","Standard Class"
"419","ORD-02233","2024-01-07","2024-01-14","CUST-0193","PROD-0035","2","0.00","836.88","265.48","Standard Class"
"420","ORD-02311","2025-10-11","2025-10-13","CUST-0082","PROD-0007","4","0.00","1638.60","484.36","Standard Class"
"421","ORD-06026","2023-07-09","2023-07-11","CUST-0232","PROD-0010","3","0.15","466.62","65.55","Standard Class"
"422","ORD-02356","2025-06-06","2025-06-11","CUST-0033","PROD-0010","5","0.15","777.71","109.26","Standard Class"
"423","ORD-06473","2025-09-01","2025-09-02","CUST-0050","PROD-0003","7","0.15","855.37","182.74","Same Day"
"424","ORD-02730","2023-12-20","2023-12-21","CUST-0171","PROD-0016","10","0.00","363.00","121.80","Standard Class"
"425","ORD-02876","2024-04-21","2024-04-25","CUST-0193","PROD-0010","10","0.10","1646.91","310.01","Second Class"
"426","ORD-05371","2025-05-22","2025-05-28","CUST-0202","PROD-0003","12","0.00","1725.12","572.04","First Class"
"427","ORD-01169","2025-03-26","2025-03-30","CUST-0235","PROD-0018","3","0.05","223.53","72.81","Second Class"
"428","ORD-01827","2024-09-10","2024-09-11","CUST-0041","PROD-0018","9","0.00","705.87","253.71","Same Day"
"429","ORD-02362","2024-01-30","2024-01-31","CUST-0124","PROD-0025","11","0.15","327.62","121.37","Standard Class"
"430","ORD-01716","2024-12-10","2024-12-14","CUST-0207","PROD-0001","11","0.00","5031.18","1960.86","Second Class"
"431","ORD-01267","2024-05-13","2024-05-17","CUST-0249","PROD-0018","7","0.00","549.01","197.33","Standard Class"
"432","ORD-05601","2023-10-01","2023-10-02","CUST-0071","PROD-0033","3","0.15","2014.53","546.81","First Class"
"433","ORD-05663","2025-02-26","2025-03-03","CUST-0121","PROD-0037","8","0.00","5807.52","2275.92","First Class"
"434","ORD-00502","2025-06-28","2025-07-05","CUST-0037","PROD-0008","9","0.15","1126.31","347.63","Same Day"
"435","ORD-01697","2025-08-23","2025-08-29","CUST-0188","PROD-0018","12","0.05","894.10","291.22","Second Class"
"436","ORD-00450","2024-04-18","2024-04-20","CUST-0043","PROD-0024","5","0.10","398.79","156.39","First Class"
"437","ORD-05232","2024-04-13","2024-04-16","CUST-0056","PROD-0001","11","0.00","5031.18","1960.86","First Class"
"438","ORD-00345","2025-01-26","2025-01-30","CUST-0002","PROD-0020","6","0.10","286.90","103.54","Standard Class"
"439","ORD-06439","2025-02-13","2025-02-20","CUST-0057","PROD-0014","3","0.00","560.88","223.05","Standard Class"
"440","ORD-03296","2024-07-01","2024-07-05","CUST-0107","PROD-0008","12","0.05","1678.42","640.18","Second Class"
"441","ORD-01036","2025-09-24","2025-09-30","CUST-0066","PROD-0001","2","0.05","869.02","310.78","First Class"
"442","ORD-00686","2025-11-02","2025-11-05","CUST-0129","PROD-0007","11","0.00","4506.15","1331.99","Standard Class"
"443","ORD-06081","2025-01-21","2025-01-28","CUST-0121","PROD-0004","2","0.00","1164.38","517.20","Second Class"
"444","ORD-00550","2023-12-17","2023-12-20","CUST-0114","PROD-0021","12","0.00","836.28","217.68","Second Class"
"445","ORD-04265","2024-06-22","2024-06-27","CUST-0027","PROD-0028","1","0.00","23.19","7.56","First Class"
"446","ORD-03174","2025-09-01","2025-09-08","CUST-0156","PROD-0005","12","0.00","3131.52","1202.76","Standard Class"
"447","ORD-06420","2024-11-21","2024-11-28","CUST-0187","PROD-0037","11","0.00","7985.34","3129.39","Standard Class"
"448","ORD-06212","2025-12-27","2025-12-29","CUST-0035","PROD-0016","6","0.00","217.80","73.08","Standard Class"
"449","ORD-02520","2024-07-24","2024-07-31","CUST-0058","PROD-0029","1","0.00","46.62","16.64","Standard Class"
"450","ORD-04405","2025-11-04","2025-11-10","CUST-0024","PROD-0030","1","0.00","531.36","168.05","First Class"
"451","ORD-06045","2025-09-02","2025-09-04","CUST-0201","PROD-0040","2","0.00","179.70","50.38","Standard Class"
"452","ORD-02341","2025-02-22","2025-02-28","CUST-0018","PROD-0001","1","0.05","434.51","155.39","Standard Class"
"453","ORD-06308","2023-12-28","2024-01-04","CUST-0121","PROD-0007","2","0.00","819.30","242.18","Standard Class"
"454","ORD-02746","2024-06-18","2024-06-21","CUST-0218","PROD-0004","6","0.00","3493.14","1551.60","Standard Class"
"455","ORD-02761","2023-10-12","2023-10-14","CUST-0058","PROD-0030","12","0.15","5419.87","1060.15","Standard Class"
"456","ORD-03824","2025-02-15","2025-02-22","CUST-0157","PROD-0023","6","0.00","39.18","11.34","Second Class"
"457","ORD-05154","2024-04-08","2024-04-10","CUST-0026","PROD-0008","4","0.05","559.47","213.39","Standard Class"
"458","ORD-01390","2025-09-30","2025-10-05","CUST-0115","PROD-0014","10","0.10","1682.64","556.54","Second Class"
"459","ORD-06164","2023-11-22","2023-11-25","CUST-0010","PROD-0004","6","0.00","3493.14","1551.60","Standard Class"
"460","ORD-04827","2023-10-10","2023-10-15","CUST-0147","PROD-0017","11","0.00","1029.49","480.92","Second Class"
"461","ORD-05079","2025-03-16","2025-03-22","CUST-0060","PROD-0022","5","0.00","140.80","56.30","Standard Class"
"462","ORD-02295","2024-10-11","2024-10-14","CUST-0007","PROD-0035","3","0.00","1255.32","398.22","Standard Class"
"463","ORD-03357","2023-11-09","2023-11-10","CUST-0038","PROD-0038","12","0.00","1993.20","495.48","Standard Class"
"464","ORD-01009","2024-02-22","2024-02-24","CUST-0115","PROD-0013","11","0.15","4840.12","1443.32","Standard Class"
"465","ORD-04659","2024-01-14","2024-01-18","CUST-0074","PROD-0035","8","0.00","3347.52","1061.92","Standard Class"
"466","ORD-00089","2024-07-28","2024-07-29","CUST-0156","PROD-0010","3","0.00","548.97","147.90","Second Class"
"467","ORD-01153","2023-12-02","2023-12-08","CUST-0040","PROD-0001","9","0.20","3293.14","781.06","Standard Class"
"468","ORD-05437","2023-08-27","2023-08-29","CUST-0089","PROD-0037","3","0.05","2068.93","744.58","Second Class"
"469","ORD-01220","2024-02-01","2024-02-08","CUST-0026","PROD-0004","2","0.00","1164.38","517.20","Standard Class"
"470","ORD-00613","2025-09-12","2025-09-14","CUST-0209","PROD-0022","2","0.00","56.32","22.52","Same Day"
"471","ORD-02287","2024-04-04","2024-04-08","CUST-0172","PROD-0026","1","0.00","77.29","33.25","Standard Class"
"472","ORD-05997","2025-02-17","2025-02-20","CUST-0164","PROD-0022","11","0.00","309.76","123.86","Second Class"
"473","ORD-00932","2024-10-15","2024-10-16","CUST-0166","PROD-0029","12","0.00","559.44","199.68","Standard Class"
"474","ORD-01000","2024-09-10","2024-09-14","CUST-0141","PROD-0011","7","0.00","3150.70","755.44","Standard Class"
"475","ORD-00257","2025-04-30","2025-05-06","CUST-0083","PROD-0019","1","0.15","88.04","30.01","Standard Class"
"476","ORD-02882","2025-09-08","2025-09-13","CUST-0211","PROD-0033","8","0.00","6320.08","2406.16","Same Day"
"477","ORD-04397","2025-06-06","2025-06-08","CUST-0147","PROD-0009","2","0.05","871.07","350.13","Standard Class"
"478","ORD-00944","2025-03-16","2025-03-22","CUST-0056","PROD-0038","8","0.00","1328.80","330.32","Standard Class"
"479","ORD-03364","2023-07-27","2023-07-31","CUST-0153","PROD-0017","1","0.00","93.59","43.72","Standard Class"
"480","ORD-04806","2024-12-13","2024-12-18","CUST-0033","PROD-0037","6","0.10","3920.08","1271.38","Standard Class"
"481","ORD-01824","2023-07-28","2023-08-04","CUST-0009","PROD-0039","3","0.00","1932.48","677.97","Standard Class"
"482","ORD-03396","2024-03-08","2024-03-11","CUST-0113","PROD-0033","8","0.15","5372.07","1458.15","Standard Class"
"483","ORD-04234","2025-12-01","2025-12-02","CUST-0017","PROD-0029","1","0.00","46.62","16.64","Standard Class"
"484","ORD-02525","2025-11-10","2025-11-16","CUST-0149","PROD-0026","10","0.15","656.97","216.57","Same Day"
"485","ORD-00834","2024-12-04","2024-12-06","CUST-0164","PROD-0020","6","0.15","270.96","87.60","First Class"
"486","ORD-01859","2025-08-30","2025-08-31","CUST-0210","PROD-0030","2","0.00","1062.72","336.10","Standard Class"
"487","ORD-03910","2023-11-22","2023-11-26","CUST-0189","PROD-0002","8","0.00","1118.72","409.36","Standard Class"
"488","ORD-01939","2024-12-31","2025-01-04","CUST-0193","PROD-0023","2","0.05","12.41","3.13","Standard Class"
"489","ORD-04044","2024-12-21","2024-12-28","CUST-0152","PROD-0021","4","0.15","236.95","30.75","Standard Class"
"490","ORD-01263","2025-06-19","2025-06-25","CUST-0031","PROD-0034","10","0.15","1578.70","285.80","First Class"
"491","ORD-00466","2025-06-03","2025-06-09","CUST-0134","PROD-0027","6","0.00","424.20","185.28","Second Class"
"492","ORD-05648","2023-08-21","2023-08-27","CUST-0182","PROD-0015","1","0.00","89.11","30.03","Standard Class"
"493","ORD-00112","2024-05-02","2024-05-03","CUST-0102","PROD-0039","1","0.00","644.16","225.99","First Class"
"494","ORD-00666","2025-04-24","2025-04-28","CUST-0002","PROD-0022","12","0.15","287.23","84.43","Standard Class"
"495","ORD-04196","2024-02-11","2024-02-16","CUST-0043","PROD-0036","11","0.15","4641.25","672.34","Standard Class"
"496","ORD-04329","2024-07-03","2024-07-09","CUST-0250","PROD-0021","7","0.10","439.05","78.20","Standard Class"
"497","ORD-02013","2025-02-17","2025-02-23","CUST-0131","PROD-0004","4","0.00","2328.76","1034.40","Standard Class"
"498","ORD-03868","2024-03-18","2024-03-22","CUST-0194","PROD-0038","4","0.00","664.40","165.16","Standard Class"
"499","ORD-05524","2025-07-23","2025-07-29","CUST-0244","PROD-0022","5","0.00","140.80","56.30","First Class"
"500","ORD-02172","2024-10-21","2024-10-23","CUST-0138","PROD-0013","9","0.00","4658.94","1879.74","Second Class"
"501","ORD-03972","2025-11-23","2025-11-27","CUST-0024","PROD-0017","8","0.00","748.72","349.76","Standard Class"
"502","ORD-06223","2025-10-04","2025-10-10","CUST-0147","PROD-0007","10","0.15","3482.03","596.43","Standard Class"
"503","ORD-01530","2023-11-28","2023-12-04","CUST-0194","PROD-0030","8","0.00","4250.88","1344.40","Standard Class"
"504","ORD-01909","2025-06-25","2025-06-26","CUST-0054","PROD-0026","8","0.10","556.49","204.17","Standard Class"
"505","ORD-05060","2023-11-12","2023-11-15","CUST-0053","PROD-0015","5","0.00","445.55","150.15","Second Class"
"506","ORD-04969","2023-07-10","2023-07-17","CUST-0225","PROD-0015","6","0.00","534.66","180.18","Standard Class"
"507","ORD-01141","2024-12-18","2024-12-24","CUST-0108","PROD-0029","11","0.00","512.82","183.04","Standard Class"
"508","ORD-02668","2024-06-27","2024-07-03","CUST-0146","PROD-0017","6","0.00","561.54","262.32","Second Class"
"509","ORD-05519","2023-08-20","2023-08-25","CUST-0057","PROD-0028","8","0.05","176.24","51.20","Standard Class"
"510","ORD-05306","2024-12-13","2024-12-15","CUST-0163","PROD-0012","8","0.00","2212.56","773.92","Standard Class"
"511","ORD-01122","2025-12-21","2025-12-25","CUST-0024","PROD-0002","11","0.00","1538.24","562.87","Second Class"
"512","ORD-03920","2025-04-30","2025-05-05","CUST-0079","PROD-0040","10","0.05","853.57","206.97","Same Day"
"513","ORD-04604","2025-05-12","2025-05-13","CUST-0151","PROD-0014","9","0.15","1430.24","416.75","Same Day"
"514","ORD-05042","2024-04-13","2024-04-19","CUST-0050","PROD-0019","5","0.00","517.90","227.75","First Class"
"515","ORD-05196","2023-08-01","2023-08-02","CUST-0222","PROD-0013","5","0.00","2588.30","1044.30","Standard Class"
"516","ORD-00259","2024-01-13","2024-01-17","CUST-0234","PROD-0012","3","0.15","705.25","165.76","Standard Class"
"517","ORD-00569","2024-06-10","2024-06-13","CUST-0084","PROD-0018","11","0.10","776.46","223.82","First Class"
"518","ORD-01276","2023-08-01","2023-08-08","CUST-0077","PROD-0014","3","0.15","476.75","138.92","Second Class"
"519","ORD-04690","2024-01-25","2024-01-26","CUST-0207","PROD-0035","3","0.15","1067.02","209.92","Second Class"
"520","ORD-03662","2023-05-26","2023-05-31","CUST-0022","PROD-0037","7","0.00","5081.58","1991.43","Standard Class"
"521","ORD-02328","2024-01-14","2024-01-17","CUST-0127","PROD-0030","8","0.00","4250.88","1344.40","First Class"
"522","ORD-00249","2023-11-11","2023-11-18","CUST-0230","PROD-0026","6","0.20","370.99","106.75","First Class"
"523","ORD-00473","2025-11-08","2025-11-12","CUST-0198","PROD-0014","5","0.00","934.80","371.75","First Class"
"524","ORD-04462","2024-07-30","2024-07-31","CUST-0235","PROD-0028","5","0.00","115.95","37.80","Standard Class"
"525","ORD-02006","2024-12-10","2024-12-11","CUST-0106","PROD-0030","9","0.00","4782.24","1512.45","Second Class"
"526","ORD-05487","2023-09-23","2023-09-30","CUST-0189","PROD-0033","3","0.00","2370.03","902.31","Standard Class"
"527","ORD-05840","2025-03-04","2025-03-07","CUST-0195","PROD-0029","4","0.15","158.51","38.59","Second Class"
"528","ORD-06358","2024-05-16","2024-05-23","CUST-0032","PROD-0035","9","0.00","3765.96","1194.66","Standard Class"
"529","ORD-00848","2024-12-02","2024-12-09","CUST-0220","PROD-0024","10","0.00","886.20","401.40","Second Class"
"530","ORD-02426","2025-11-25","2025-12-01","CUST-0081","PROD-0015","4","0.00","356.44","120.12","Standard Class"
"531","ORD-02763","2024-10-04","2024-10-06","CUST-0178","PROD-0020","7","0.00","371.91","157.99","Standard Class"
"532","ORD-00349","2025-09-18","2025-09-24","CUST-0200","PROD-0006","9","0.15","5411.92","1812.19","Same Day"
"533","ORD-01528","2025-07-01","2025-07-08","CUST-0168","PROD-0033","3","0.15","2014.53","546.81","Standard Class"
"534","ORD-02088","2023-06-19","2023-06-26","CUST-0239","PROD-0019","9","0.00","932.22","409.95","Standard Class"
"535","ORD-02285","2024-01-27","2024-02-03","CUST-0168","PROD-0026","1","0.00","77.29","33.25","Standard Class"
"536","ORD-04487","2025-05-14","2025-05-15","CUST-0051","PROD-0011","8","0.20","2880.64","143.20","Standard Class"
"537","ORD-04213","2025-02-23","2025-02-27","CUST-0077","PROD-0010","2","0.00","365.98","98.60","First Class"
"538","ORD-05320","2025-05-17","2025-05-24","CUST-0144","PROD-0034","10","0.20","1485.84","192.94","Second Class"
"539","ORD-00222","2024-12-14","2024-12-19","CUST-0024","PROD-0026","8","0.20","494.66","142.34","Standard Class"
"540","ORD-04039","2025-05-19","2025-05-26","CUST-0077","PROD-0027","5","0.00","353.50","154.40","Standard Class"
"541","ORD-04621","2025-12-16","2025-12-21","CUST-0018","PROD-0025","1","0.00","35.04","16.29","Standard Class"
"542","ORD-01371","2024-12-17","2024-12-24","CUST-0230","PROD-0010","12","0.15","1866.50","262.22","Second Class"
"543","ORD-02852","2025-06-12","2025-06-14","CUST-0123","PROD-0011","4","0.15","1530.34","161.62","Second Class"
"544","ORD-04137","2024-12-11","2024-12-17","CUST-0039","PROD-0009","4","0.00","1833.84","791.96","Standard Class"
"545","ORD-00288","2024-12-03","2024-12-10","CUST-0033","PROD-0015","1","0.10","80.20","21.12","Same Day"
"546","ORD-02940","2024-11-23","2024-11-24","CUST-0096","PROD-0022","2","0.00","56.32","22.52","First Class"
"547","ORD-01185","2025-03-17","2025-03-21","CUST-0096","PROD-0032","6","0.15","912.75","161.73","Standard Class"
"548","ORD-05259","2024-12-27","2025-01-01","CUST-0234","PROD-0036","2","0.00","992.78","271.16","First Class"
"549","ORD-01753","2024-02-07","2024-02-10","CUST-0094","PROD-0022","2","0.00","56.32","22.52","Standard Class"
"550","ORD-03391","2025-03-10","2025-03-14","CUST-0029","PROD-0006","1","0.10","636.70","236.73","Standard Class"
"551","ORD-00594","2024-06-13","2024-06-15","CUST-0092","PROD-0013","7","0.00","3623.62","1462.02","Standard Class"
"552","ORD-06350","2025-08-12","2025-08-17","CUST-0103","PROD-0027","4","0.00","282.80","123.52","Standard Class"
"553","ORD-05243","2024-06-21","2024-06-22","CUST-0072","PROD-0005","5","0.00","1304.80","501.15","Second Class"
"554","ORD-01215","2025-10-15","2025-10-16","CUST-0153","PROD-0026","4","0.10","278.24","102.08","Second Class"
"555","ORD-04132","2023-10-18","2023-10-19","CUST-0106","PROD-0027","8","0.00","565.60","247.04","First Class"
"556","ORD-05175","2023-09-28","2023-10-01","CUST-0045","PROD-0014","4","0.10","673.06","222.62","Standard Class"
"557","ORD-00176","2024-01-25","2024-01-28","CUST-0011","PROD-0021","9","0.00","627.21","163.26","First Class"
"558","ORD-04004","2024-11-23","2024-11-30","CUST-0238","PROD-0022","10","0.00","281.60","112.60","First Class"
"559","ORD-04095","2025-01-16","2025-01-22","CUST-0210","PROD-0020","9","0.00","478.17","203.13","Same Day"
"560","ORD-06353","2024-07-26","2024-07-30","CUST-0202","PROD-0015","11","0.00","980.21","330.33","Standard Class"
"561","ORD-04768","2025-05-02","2025-05-03","CUST-0129","PROD-0004","2","0.10","1047.94","400.76","Standard Class"
"562","ORD-00624","2024-03-09","2024-03-16","CUST-0130","PROD-0031","8","0.15","1199.45","170.73","Standard Class"
"563","ORD-00948","2025-07-13","2025-07-16","CUST-0215","PROD-0039","6","0.15","3285.22","776.20","Standard Class"
"564","ORD-03075","2025-07-28","2025-08-01","CUST-0148","PROD-0035","5","0.00","2092.20","663.70","First Class"
"565","ORD-02333","2024-12-15","2024-12-16","CUST-0188","PROD-0027","6","0.05","402.99","164.07","Standard Class"
"566","ORD-01303","2024-05-14","2024-05-18","CUST-0130","PROD-0040","5","0.20","359.40","36.10","Second Class"
"567","ORD-01053","2025-06-17","2025-06-20","CUST-0186","PROD-0019","4","0.00","414.32","182.20","Second Class"
"568","ORD-01869","2025-08-05","2025-08-07","CUST-0088","PROD-0020","4","0.00","212.52","90.28","Standard Class"
"569","ORD-04519","2024-01-18","2024-01-25","CUST-0186","PROD-0019","4","0.00","414.32","182.20","Standard Class"
"570","ORD-06107","2025-10-22","2025-10-28","CUST-0157","PROD-0036","12","0.00","5956.68","1626.96","Standard Class"
"571","ORD-03038","2024-06-28","2024-07-04","CUST-0012","PROD-0031","5","0.00","881.95","239.00","Second Class"
"572","ORD-00858","2024-12-04","2024-12-09","CUST-0158","PROD-0018","1","0.10","70.59","20.35","First Class"
"573","ORD-02214","2023-07-17","2023-07-24","CUST-0085","PROD-0037","10","0.05","6896.43","2481.93","Same Day"
"574","ORD-00342","2024-09-12","2024-09-18","CUST-0048","PROD-0038","7","0.00","1162.70","289.03","Second Class"
"575","ORD-00910","2023-09-04","2023-09-07","CUST-0080","PROD-0039","8","0.00","5153.28","1807.92","Standard Class"
"576","ORD-01638","2025-01-02","2025-01-09","CUST-0190","PROD-0040","2","0.00","179.70","50.38","First Class"
"577","ORD-04815","2024-12-14","2024-12-15","CUST-0243","PROD-0033","2","0.00","1580.02","601.54","Second Class"
"578","ORD-03708","2023-05-04","2023-05-11","CUST-0196","PROD-0023","3","0.10","17.63","3.71","First Class"
"579","ORD-05525","2025-06-24","2025-06-29","CUST-0197","PROD-0019","5","0.00","517.90","227.75","Standard Class"
"580","ORD-05504","2025-03-25","2025-03-28","CUST-0022","PROD-0023","12","0.15","66.61","10.93","Second Class"
"581","ORD-05464","2024-01-22","2024-01-28","CUST-0226","PROD-0006","7","0.00","4952.08","2152.29","Second Class"
"582","ORD-04433","2024-04-20","2024-04-21","CUST-0031","PROD-0030","11","0.10","5260.46","1264.05","Standard Class"
"583","ORD-04970","2025-08-15","2025-08-18","CUST-0047","PROD-0018","6","0.00","470.58","169.14","First Class"
"584","ORD-01117","2025-08-20","2025-08-25","CUST-0084","PROD-0028","4","0.15","78.85","16.33","Standard Class"
"585","ORD-02142","2025-09-10","2025-09-15","CUST-0246","PROD-0035","4","0.00","1673.76","530.96","First Class"
"586","ORD-05209","2025-04-27","2025-05-03","CUST-0198","PROD-0036","4","0.05","1886.28","443.04","Standard Class"
"587","ORD-05111","2023-06-12","2023-06-16","CUST-0079","PROD-0034","1","0.00","185.73","56.44","Second Class"
"588","ORD-04097","2024-03-08","2024-03-09","CUST-0029","PROD-0025","3","0.00","105.12","48.87","Standard Class"
"589","ORD-03123","2025-04-29","2025-05-04","CUST-0088","PROD-0002","3","0.10","377.57","111.56","Standard Class"
"590","ORD-04294","2023-08-12","2023-08-18","CUST-0030","PROD-0040","4","0.20","287.52","28.88","Standard Class"
"591","ORD-00489","2024-02-15","2024-02-22","CUST-0005","PROD-0025","12","0.00","420.48","195.48","Standard Class"
"592","ORD-00832","2023-11-24","2023-11-30","CUST-0122","PROD-0025","5","0.15","148.92","55.17","Standard Class"
"593","ORD-05058","2025-03-30","2025-04-04","CUST-0090","PROD-0036","12","0.00","5956.68","1626.96","Standard Class"
"594","ORD-06094","2025-08-17","2025-08-24","CUST-0197","PROD-0015","8","0.10","641.59","168.95","Second Class"
"595","ORD-02898","2023-10-24","2023-10-30","CUST-0088","PROD-0040","6","0.15","458.23","70.27","Same Day"
"596","ORD-04288","2025-04-05","2025-04-10","CUST-0237","PROD-0007","3","0.05","1167.50","301.82","Standard Class"
"597","ORD-05161","2025-02-25","2025-03-01","CUST-0025","PROD-0006","11","0.15","6614.56","2214.89","Standard Class"
"598","ORD-02549","2025-05-21","2025-05-22","CUST-0006","PROD-0039","9","0.00","5797.44","2033.91","Standard Class"
"599","ORD-05467","2024-08-18","2024-08-25","CUST-0133","PROD-0026","11","0.00","850.19","365.75","Second Class"
"600","ORD-01618","2023-04-15","2023-04-21","CUST-0192","PROD-0026","5","0.00","386.45","166.25","Standard Class"
"601","ORD-00461","2025-10-30","2025-11-01","CUST-0204","PROD-0016","1","0.15","30.85","6.73","Standard Class"
"602","ORD-04441","2024-10-25","2024-10-30","CUST-0233","PROD-0018","8","0.00","627.44","225.52","First Class"
"603","ORD-06108","2024-07-18","2024-07-20","CUST-0043","PROD-0005","6","0.10","1409.18","444.80","Standard Class"
"604","ORD-05423","2025-07-28","2025-08-02","CUST-0093","PROD-0040","5","0.05","426.79","103.49","Standard Class"
"605","ORD-02355","2023-05-13","2023-05-19","CUST-0122","PROD-0029","5","0.00","233.10","83.20","First Class"
"606","ORD-00903","2025-04-22","2025-04-27","CUST-0129","PROD-0030","12","0.00","6376.32","2016.60","Standard Class"
"607","ORD-03160","2024-04-29","2024-05-04","CUST-0037","PROD-0037","7","0.00","5081.58","1991.43","Standard Class"
"608","ORD-03375","2025-05-14","2025-05-21","CUST-0017","PROD-0021","3","0.00","209.07","54.42","Second Class"
"609","ORD-03704","2024-10-05","2024-10-11","CUST-0042","PROD-0002","9","0.00","1258.56","460.53","Standard Class"
"610","ORD-03533","2025-01-20","2025-01-23","CUST-0019","PROD-0030","6","0.00","3188.16","1008.30","Same Day"
"611","ORD-05213","2024-09-15","2024-09-16","CUST-0098","PROD-0039","8","0.10","4637.95","1292.59","Standard Class"
"612","ORD-05390","2025-04-05","2025-04-09","CUST-0181","PROD-0012","7","0.15","1645.59","386.78","First Class"
"613","ORD-00632","2023-10-08","2023-10-11","CUST-0217","PROD-0030","9","0.10","4304.02","1034.23","Standard Class"
"614","ORD-06261","2024-11-14","2024-11-16","CUST-0010","PROD-0026","2","0.00","154.58","66.50","Standard Class"
"615","ORD-06021","2023-08-13","2023-08-16","CUST-0050","PROD-0027","5","0.15","300.47","101.37","Second Class"
"616","ORD-02040","2025-01-29","2025-02-02","CUST-0217","PROD-0005","6","0.05","1487.47","523.09","First Class"
"617","ORD-05584","2025-10-11","2025-10-15","CUST-0096","PROD-0001","7","0.05","3041.58","1087.74","Second Class"
"618","ORD-04376","2023-09-02","2023-09-05","CUST-0134","PROD-0017","4","0.00","374.36","174.88","Standard Class"
"619","ORD-00762","2025-03-08","2025-03-12","CUST-0156","PROD-0013","7","0.05","3442.44","1280.84","Standard Class"
"620","ORD-01479","2024-03-19","2024-03-24","CUST-0015","PROD-0020","11","0.00","584.43","248.27","Standard Class"
"621","ORD-01298","2025-02-27","2025-02-28","CUST-0150","PROD-0030","1","0.00","531.36","168.05","First Class"
"622","ORD-05935","2025-08-14","2025-08-18","CUST-0173","PROD-0005","11","0.10","2583.50","815.47","Standard Class"
"623","ORD-00749","2025-07-06","2025-07-08","CUST-0042","PROD-0007","9","0.00","3686.85","1089.81","Standard Class"
"624","ORD-05539","2025-11-03","2025-11-06","CUST-0126","PROD-0016","2","0.05","68.97","20.73","Second Class"
"625","ORD-04939","2025-01-22","2025-01-28","CUST-0088","PROD-0025","12","0.05","399.46","174.46","Second Class"
"626","ORD-01785","2024-12-07","2024-12-08","CUST-0166","PROD-0019","5","0.00","517.90","227.75","Standard Class"
"627","ORD-04299","2025-08-10","2025-08-15","CUST-0007","PROD-0023","12","0.10","70.52","14.84","Same Day"
"628","ORD-06389","2025-02-09","2025-02-11","CUST-0053","PROD-0012","12","0.00","3318.84","1160.88","First Class"
"629","ORD-04624","2025-10-04","2025-10-08","CUST-0249","PROD-0018","1","0.10","70.59","20.35","Standard Class"
"630","ORD-04555","2025-03-14","2025-03-17","CUST-0115","PROD-0001","8","0.15","3110.18","877.22","Standard Class"
"631","ORD-02790","2024-08-08","2024-08-12","CUST-0171","PROD-0023","7","0.00","45.71","13.23","Standard Class"
"632","ORD-01421","2024-11-01","2024-11-07","CUST-0114","PROD-0018","2","0.15","133.33","32.85","Second Class"
"633","ORD-05267","2024-07-08","2024-07-15","CUST-0080","PROD-0039","1","0.00","644.16","225.99","Second Class"
"634","ORD-00157","2024-04-20","2024-04-27","CUST-0234","PROD-0015","8","0.15","605.95","133.31","First Class"
"635","ORD-05477","2025-09-28","2025-10-01","CUST-0021","PROD-0031","6","0.05","1005.42","233.88","Second Class"
"636","ORD-01615","2024-03-22","2024-03-27","CUST-0078","PROD-0033","11","0.15","7386.59","2004.95","Standard Class"
"637","ORD-04128","2024-12-28","2025-01-02","CUST-0170","PROD-0039","11","0.00","7085.76","2485.89","Standard Class"
"638","ORD-04313","2023-07-15","2023-07-18","CUST-0190","PROD-0035","6","0.15","2134.04","419.84","Standard Class"
"639","ORD-01444","2024-09-18","2024-09-23","CUST-0162","PROD-0014","9","0.00","1682.64","669.15","Standard Class"
"640","ORD-03439","2025-07-14","2025-07-20","CUST-0021","PROD-0028","12","0.00","278.28","90.72","First Class"
"641","ORD-04275","2023-12-02","2023-12-03","CUST-0062","PROD-0036","9","0.00","4467.51","1220.22","Standard Class"
"642","ORD-01811","2025-06-10","2025-06-15","CUST-0127","PROD-0035","4","0.00","1673.76","530.96","Standard Class"
"643","ORD-02336","2023-07-24","2023-07-27","CUST-0042","PROD-0030","12","0.15","5419.87","1060.15","Standard Class"
"644","ORD-03220","2025-07-12","2025-07-18","CUST-0118","PROD-0003","11","0.00","1581.36","524.37","Standard Class"
"645","ORD-06151","2025-10-27","2025-10-28","CUST-0012","PROD-0016","11","0.00","399.30","133.98","Second Class"
"646","ORD-01234","2023-10-07","2023-10-08","CUST-0106","PROD-0023","11","0.00","71.83","20.79","Standard Class"
"647","ORD-04660","2024-09-12","2024-09-18","CUST-0243","PROD-0008","5","0.00","736.15","303.55","First Class"
"648","ORD-03747","2025-03-06","2025-03-09","CUST-0240","PROD-0005","2","0.00","521.92","200.46","Second Class"
"649","ORD-02155","2024-09-08","2024-09-13","CUST-0018","PROD-0032","10","0.00","1789.70","538.00","Standard Class"
"650","ORD-05576","2025-08-24","2025-08-31","CUST-0132","PROD-0020","2","0.00","106.26","45.14","First Class"
"651","ORD-01302","2024-06-09","2024-06-15","CUST-0248","PROD-0039","12","0.10","6956.93","1938.89","Standard Class"
"652","ORD-03187","2024-09-06","2024-09-13","CUST-0003","PROD-0014","3","0.05","532.84","195.01","Standard Class"
"653","ORD-01547","2024-12-14","2024-12-20","CUST-0052","PROD-0033","11","0.00","8690.11","3308.47","Standard Class"
"654","ORD-03636","2023-10-20","2023-10-25","CUST-0040","PROD-0033","8","0.15","5372.07","1458.15","First Class"
"655","ORD-00353","2024-02-11","2024-02-16","CUST-0185","PROD-0032","10","0.00","1789.70","538.00","Standard Class"
"656","ORD-04640","2024-11-07","2024-11-14","CUST-0211","PROD-0031","1","0.10","158.75","30.16","Standard Class"
"657","ORD-03036","2024-08-21","2024-08-23","CUST-0024","PROD-0022","10","0.00","281.60","112.60","First Class"
"658","ORD-01087","2024-11-06","2024-11-09","CUST-0174","PROD-0026","2","0.20","123.66","35.58","Standard Class"
"659","ORD-06251","2025-05-10","2025-05-17","CUST-0084","PROD-0035","12","0.00","5021.28","1592.88","Standard Class"
"660","ORD-04001","2024-10-14","2024-10-19","CUST-0188","PROD-0035","11","0.15","3912.41","769.71","First Class"
"661","ORD-00605","2025-11-29","2025-12-02","CUST-0177","PROD-0031","4","0.00","705.56","191.20","Second Class"
"662","ORD-01135","2025-09-09","2025-09-13","CUST-0213","PROD-0008","12","0.00","1766.76","728.52","First Class"
"663","ORD-03976","2024-09-18","2024-09-20","CUST-0147","PROD-0030","5","0.00","2656.80","840.25","First Class"
"664","ORD-00597","2024-07-19","2024-07-20","CUST-0013","PROD-0039","11","0.00","7085.76","2485.89","First Class"
"665","ORD-03713","2025-04-21","2025-04-27","CUST-0248","PROD-0037","2","0.10","1306.69","423.79","Standard Class"
"666","ORD-03574","2024-11-07","2024-11-11","CUST-0233","PROD-0020","3","0.00","159.39","67.71","Standard Class"
"667","ORD-03975","2025-10-07","2025-10-08","CUST-0214","PROD-0030","6","0.05","3028.75","848.89","Second Class"
"668","ORD-06445","2024-04-07","2024-04-11","CUST-0177","PROD-0012","12","0.00","3318.84","1160.88","Standard Class"
"669","ORD-06403","2024-08-19","2024-08-21","CUST-0191","PROD-0021","9","0.15","533.13","69.18","Standard Class"
"670","ORD-02497","2025-06-08","2025-06-13","CUST-0145","PROD-0025","9","0.15","268.06","99.31","Second Class"
"671","ORD-04786","2024-01-22","2024-01-26","CUST-0013","PROD-0024","3","0.05","252.57","107.13","Standard Class"
"672","ORD-01738","2025-10-12","2025-10-14","CUST-0216","PROD-0025","2","0.20","56.06","18.56","Second Class"
"673","ORD-04057","2025-04-09","2025-04-14","CUST-0184","PROD-0001","1","0.05","434.51","155.39","Standard Class"
"674","ORD-00623","2025-06-22","2025-06-27","CUST-0039","PROD-0036","1","0.00","496.39","135.58","First Class"
"675","ORD-05114","2023-12-05","2023-12-06","CUST-0090","PROD-0030","11","0.00","5844.96","1848.55","Standard Class"
"676","ORD-01363","2025-03-26","2025-03-30","CUST-0076","PROD-0025","11","0.05","366.17","159.92","Standard Class"
"677","ORD-03741","2025-03-18","2025-03-20","CUST-0172","PROD-0021","9","0.15","533.13","69.18","Second Class"
"678","ORD-05933","2025-01-15","2025-01-17","CUST-0001","PROD-0031","1","0.00","176.39","47.80","Standard Class"
"679","ORD-02858","2023-06-24","2023-06-29","CUST-0060","PROD-0006","1","0.05","672.07","272.10","Second Class"
"680","ORD-06472","2025-02-27","2025-03-04","CUST-0193","PROD-0025","2","0.15","59.57","22.07","First Class"
"681","ORD-00097","2023-09-30","2023-10-03","CUST-0144","PROD-0036","11","0.00","5460.29","1491.38","Standard Class"
"682","ORD-00585","2025-07-31","2025-08-03","CUST-0086","PROD-0012","11","0.00","3042.27","1064.14","Standard Class"
"683","ORD-02565","2025-04-09","2025-04-13","CUST-0075","PROD-0028","7","0.00","162.33","52.92","Standard Class"
"684","ORD-04978","2025-08-26","2025-08-30","CUST-0033","PROD-0029","12","0.00","559.44","199.68","Standard Class"
"685","ORD-03937","2024-12-20","2024-12-23","CUST-0140","PROD-0012","9","0.10","2240.22","621.75","Standard Class"
"686","ORD-02080","2024-11-08","2024-11-09","CUST-0117","PROD-0008","8","0.10","1060.06","367.90","Standard Class"
"687","ORD-03669","2025-02-06","2025-02-12","CUST-0190","PROD-0022","9","0.05","240.77","88.67","Standard Class"
"688","ORD-01233","2024-04-06","2024-04-10","CUST-0007","PROD-0022","2","0.00","56.32","22.52","Same Day"
"689","ORD-01157","2023-02-13","2023-02-16","CUST-0142","PROD-0008","1","0.00","147.23","60.71","First Class"
"690","ORD-04120","2023-11-02","2023-11-04","CUST-0211","PROD-0016","11","0.00","399.30","133.98","First Class"
"691","ORD-01381","2023-06-04","2023-06-08","CUST-0193","PROD-0034","4","0.00","742.92","225.76","Standard Class"
"692","ORD-06095","2023-04-11","2023-04-18","CUST-0102","PROD-0037","11","0.05","7586.07","2730.12","Standard Class"
"693","ORD-01310","2024-12-22","2024-12-23","CUST-0219","PROD-0029","4","0.00","186.48","66.56","Standard Class"
"694","ORD-03514","2025-05-25","2025-05-29","CUST-0051","PROD-0002","7","0.15","832.05","211.36","Standard Class"
"695","ORD-02198","2023-05-10","2023-05-11","CUST-0113","PROD-0008","7","0.00","1030.61","424.97","Second Class"
"696","ORD-01104","2025-01-19","2025-01-26","CUST-0046","PROD-0011","1","0.00","450.10","107.92","Standard Class"
"697","ORD-03381","2023-09-06","2023-09-10","CUST-0013","PROD-0032","10","0.00","1789.70","538.00","Standard Class"
"698","ORD-02591","2023-11-27","2023-11-28","CUST-0054","PROD-0021","10","0.00","696.90","181.40","Standard Class"
"699","ORD-00389","2023-10-09","2023-10-11","CUST-0045","PROD-0036","8","0.00","3971.12","1084.64","Standard Class"
"700","ORD-00106","2024-06-14","2024-06-16","CUST-0024","PROD-0034","7","0.00","1300.11","395.08","Standard Class"
"701","ORD-06368","2025-09-29","2025-10-04","CUST-0068","PROD-0009","9","0.00","4126.14","1781.91","First Class"
"702","ORD-05434","2024-08-21","2024-08-23","CUST-0092","PROD-0026","11","0.10","765.17","280.73","First Class"
"703","ORD-01563","2025-08-23","2025-08-28","CUST-0044","PROD-0002","2","0.00","279.68","102.34","Standard Class"
"704","ORD-05344","2023-11-16","2023-11-23","CUST-0110","PROD-0012","7","0.15","1645.59","386.78","Standard Class"
"705","ORD-04941","2024-03-31","2024-04-05","CUST-0001","PROD-0029","10","0.10","419.58","119.78","Standard Class"
"706","ORD-03568","2024-07-31","2024-08-04","CUST-0055","PROD-0024","5","0.00","443.10","200.70","First Class"
"707","ORD-02129","2025-09-15","2025-09-21","CUST-0012","PROD-0005","6","0.15","1330.90","366.52","First Class"
"708","ORD-02240","2025-05-26","2025-05-27","CUST-0215","PROD-0004","4","0.10","2095.88","801.52","Standard Class"
"709","ORD-03600","2025-07-18","2025-07-23","CUST-0229","PROD-0012","6","0.00","1659.42","580.44","Second Class"
"710","ORD-06025","2024-09-21","2024-09-24","CUST-0216","PROD-0027","1","0.00","70.70","30.88","Standard Class"
"711","ORD-01616","2024-12-18","2024-12-25","CUST-0188","PROD-0027","12","0.15","721.14","243.30","Standard Class"
"712","ORD-05959","2024-07-07","2024-07-13","CUST-0117","PROD-0029","5","0.00","233.10","83.20","First Class"
"713","ORD-05347","2024-12-05","2024-12-11","CUST-0144","PROD-0004","7","0.00","4075.33","1810.20","Standard Class"
"714","ORD-03519","2023-12-15","2023-12-18","CUST-0181","PROD-0015","1","0.10","80.20","21.12","Standard Class"
"715","ORD-03080","2024-07-21","2024-07-23","CUST-0071","PROD-0034","7","0.00","1300.11","395.08","Standard Class"
"716","ORD-02279","2024-12-15","2024-12-18","CUST-0061","PROD-0024","6","0.00","531.72","240.84","Standard Class"
"717","ORD-04705","2025-07-09","2025-07-14","CUST-0190","PROD-0015","5","0.10","401.00","105.60","Standard Class"
"718","ORD-00526","2024-10-03","2024-10-05","CUST-0025","PROD-0002","3","0.05","398.54","132.53","Same Day"
"719","ORD-00995","2024-06-30","2024-07-07","CUST-0171","PROD-0022","6","0.00","168.96","67.56","Standard Class"
"720","ORD-00494","2025-11-06","2025-11-13","CUST-0209","PROD-0004","4","0.05","2212.32","917.96","Same Day"
"721","ORD-06022","2025-06-28","2025-07-05","CUST-0145","PROD-0018","8","0.10","564.70","162.78","Standard Class"
"722","ORD-00084","2024-03-01","2024-03-02","CUST-0108","PROD-0034","12","0.00","2228.76","677.28","Standard Class"
"723","ORD-06413","2025-03-27","2025-04-03","CUST-0029","PROD-0012","2","0.05","525.48","165.82","Standard Class"
"724","ORD-01626","2025-10-01","2025-10-02","CUST-0195","PROD-0007","1","0.00","409.65","121.09","Same Day"
"725","ORD-00081","2024-10-09","2024-10-11","CUST-0071","PROD-0010","9","0.00","1646.91","443.70","Standard Class"
"726","ORD-05183","2023-12-06","2023-12-12","CUST-0218","PROD-0013","5","0.00","2588.30","1044.30","First Class"
"727","ORD-01079","2025-03-10","2025-03-13","CUST-0087","PROD-0004","12","0.00","6986.28","3103.20","Standard Class"
"728","ORD-03671","2025-05-15","2025-05-20","CUST-0245","PROD-0003","12","0.00","1725.12","572.04","Same Day"
"729","ORD-06296","2023-06-17","2023-06-21","CUST-0211","PROD-0011","5","0.15","1912.93","202.02","Standard Class"
"730","ORD-00512","2025-02-23","2025-03-02","CUST-0043","PROD-0006","12","0.05","8064.82","3265.18","Second Class"
"731","ORD-04881","2025-12-25","2025-12-27","CUST-0223","PROD-0011","4","0.00","1800.40","431.68","Standard Class"
"732","ORD-02111","2025-05-23","2025-05-24","CUST-0167","PROD-0006","4","0.05","2688.27","1088.39","Same Day"
"733","ORD-04809","2024-02-10","2024-02-12","CUST-0240","PROD-0027","12","0.05","805.98","328.14","First Class"
"734","ORD-02250","2025-11-21","2025-11-24","CUST-0058","PROD-0013","4","0.00","2070.64","835.44","Standard Class"
"735","ORD-04571","2025-04-04","2025-04-11","CUST-0178","PROD-0031","8","0.10","1270.01","241.29","Standard Class"
"736","ORD-00692","2025-01-19","2025-01-21","CUST-0022","PROD-0020","12","0.10","573.80","207.08","Second Class"
"737","ORD-04459","2023-08-28","2023-09-04","CUST-0235","PROD-0039","12","0.00","7729.92","2711.88","Standard Class"
"738","ORD-03673","2025-10-30","2025-11-05","CUST-0164","PROD-0016","5","0.15","154.28","33.68","Second Class"
"739","ORD-00615","2023-11-20","2023-11-21","CUST-0205","PROD-0011","3","0.05","1282.79","256.25","Standard Class"
"740","ORD-05482","2025-09-22","2025-09-29","CUST-0167","PROD-0008","10","0.05","1398.68","533.48","Standard Class"
"741","ORD-01605","2025-12-15","2025-12-19","CUST-0096","PROD-0025","5","0.05","166.44","72.69","Standard Class"
"742","ORD-00564","2024-04-07","2024-04-11","CUST-0248","PROD-0018","7","0.15","466.66","114.98","Standard Class"
"743","ORD-05676","2023-03-04","2023-03-06","CUST-0044","PROD-0004","12","0.00","6986.28","3103.20","Standard Class"
"744","ORD-05311","2024-09-20","2024-09-23","CUST-0079","PROD-0009","11","0.05","4790.91","1925.74","Standard Class"
"745","ORD-00726","2025-05-31","2025-06-03","CUST-0015","PROD-0011","3","0.00","1350.30","323.76","Standard Class"
"746","ORD-00294","2024-10-31","2024-11-04","CUST-0012","PROD-0026","4","0.00","309.16","133.00","Second Class"
"747","ORD-02936","2025-03-11","2025-03-12","CUST-0223","PROD-0012","3","0.20","663.77","124.28","Standard Class"
"748","ORD-04341","2024-07-21","2024-07-26","CUST-0088","PROD-0004","6","0.00","3493.14","1551.60","Standard Class"
"749","ORD-04848","2023-10-01","2023-10-05","CUST-0172","PROD-0007","10","0.00","4096.50","1210.90","First Class"
"750","ORD-00248","2025-05-19","2025-05-22","CUST-0204","PROD-0018","2","0.05","149.02","48.54","Standard Class"
"751","ORD-02767","2025-08-10","2025-08-13","CUST-0153","PROD-0020","7","0.00","371.91","157.99","Standard Class"
"752","ORD-01373","2025-09-03","2025-09-10","CUST-0250","PROD-0007","10","0.05","3891.67","1006.07","First Class"
"753","ORD-06302","2025-07-24","2025-07-26","CUST-0219","PROD-0019","11","0.10","1025.44","387.11","Second Class"
"754","ORD-01006","2024-05-12","2024-05-16","CUST-0098","PROD-0021","11","0.05","728.26","161.21","Standard Class"
"755","ORD-01540","2024-10-27","2024-10-28","CUST-0142","PROD-0012","12","0.05","3152.90","994.94","Standard Class"
"756","ORD-04476","2024-03-22","2024-03-27","CUST-0060","PROD-0002","8","0.20","894.98","185.62","Standard Class"
"757","ORD-01160","2024-02-14","2024-02-20","CUST-0218","PROD-0029","11","0.20","410.26","80.48","Same Day"
"758","ORD-05146","2025-10-31","2025-11-03","CUST-0152","PROD-0021","11","0.10","689.93","122.88","Standard Class"
"759","ORD-06361","2025-04-14","2025-04-21","CUST-0135","PROD-0024","11","0.05","926.08","392.80","Standard Class"
"760","ORD-05752","2024-03-22","2024-03-26","CUST-0081","PROD-0023","2","0.15","11.10","1.82","Standard Class"
"761","ORD-03895","2024-10-29","2024-10-30","CUST-0224","PROD-0007","6","0.05","2335.00","603.64","Standard Class"
"762","ORD-06419","2024-09-27","2024-09-28","CUST-0048","PROD-0012","6","0.00","1659.42","580.44","Second Class"
"763","ORD-02044","2023-08-18","2023-08-19","CUST-0136","PROD-0013","10","0.00","5176.60","2088.60","Same Day"
"764","ORD-05620","2024-03-11","2024-03-18","CUST-0216","PROD-0015","2","0.05","169.31","51.15","Standard Class"
"765","ORD-05492","2023-08-05","2023-08-06","CUST-0106","PROD-0036","10","0.05","4715.70","1107.60","Second Class"
"766","ORD-04477","2025-06-08","2025-06-13","CUST-0242","PROD-0007","5","0.05","1945.84","503.04","Second Class"
"767","ORD-01498","2024-04-10","2024-04-13","CUST-0212","PROD-0001","1","0.00","457.38","178.26","Standard Class"
"768","ORD-05912","2024-10-12","2024-10-19","CUST-0173","PROD-0004","11","0.15","5443.48","1883.99","Second Class"
"769","ORD-02584","2024-07-03","2024-07-09","CUST-0043","PROD-0017","12","0.15","954.62","356.18","Standard Class"
"770","ORD-03794","2024-08-15","2024-08-18","CUST-0106","PROD-0024","8","0.10","638.06","250.22","Standard Class"
"771","ORD-03840","2025-10-19","2025-10-25","CUST-0066","PROD-0033","12","0.00","9480.12","3609.24","Standard Class"
"772","ORD-06172","2025-08-02","2025-08-09","CUST-0143","PROD-0035","2","0.00","836.88","265.48","Standard Class"
"773","ORD-05003","2025-01-05","2025-01-12","CUST-0096","PROD-0004","11","0.20","5123.27","1563.78","First Class"
"774","ORD-02620","2025-02-24","2025-03-03","CUST-0063","PROD-0009","8","0.00","3667.68","1583.92","First Class"
"775","ORD-04182","2024-03-07","2024-03-13","CUST-0080","PROD-0040","9","0.00","808.65","226.71","First Class"
"776","ORD-02575","2025-02-16","2025-02-19","CUST-0177","PROD-0008","1","0.15","125.15","38.63","Second Class"
"777","ORD-01121","2024-11-26","2024-11-28","CUST-0004","PROD-0027","3","0.00","212.10","92.64","Standard Class"
"778","ORD-03731","2024-05-26","2024-06-02","CUST-0084","PROD-0029","5","0.00","233.10","83.20","Standard Class"
"779","ORD-06250","2024-08-29","2024-09-02","CUST-0216","PROD-0037","3","0.00","2177.82","853.47","First Class"
"780","ORD-06016","2025-11-23","2025-11-29","CUST-0068","PROD-0039","1","0.00","644.16","225.99","Same Day"
"781","ORD-02359","2025-04-21","2025-04-25","CUST-0133","PROD-0026","10","0.15","656.97","216.57","Same Day"
"782","ORD-05149","2023-06-27","2023-06-30","CUST-0034","PROD-0001","6","0.00","2744.28","1069.56","Standard Class"
"783","ORD-00399","2025-03-25","2025-03-28","CUST-0009","PROD-0029","6","0.15","237.76","57.88","Standard Class"
"784","ORD-01930","2025-04-24","2025-04-29","CUST-0083","PROD-0015","2","0.00","178.22","60.06","Second Class"
"785","ORD-01855","2025-01-24","2025-01-29","CUST-0225","PROD-0003","11","0.00","1581.36","524.37","Second Class"
"786","ORD-01529","2025-03-25","2025-03-29","CUST-0186","PROD-0014","4","0.00","747.84","297.40","Second Class"
"787","ORD-04971","2024-08-02","2024-08-09","CUST-0064","PROD-0032","6","0.05","1020.13","269.11","Standard Class"
"788","ORD-02191","2024-05-29","2024-06-05","CUST-0186","PROD-0037","4","0.00","2903.76","1137.96","Standard Class"
"789","ORD-05132","2024-10-19","2024-10-24","CUST-0051","PROD-0019","12","0.15","1056.52","360.16","Second Class"
"790","ORD-03326","2024-05-12","2024-05-19","CUST-0237","PROD-0034","8","0.15","1262.96","228.64","Standard Class"
"791","ORD-02293","2025-03-31","2025-04-04","CUST-0223","PROD-0032","6","0.00","1073.82","322.80","Standard Class"
"792","ORD-05579","2025-08-26","2025-08-27","CUST-0083","PROD-0018","2","0.00","156.86","56.38","Standard Class"
"793","ORD-03078","2025-01-22","2025-01-23","CUST-0012","PROD-0039","1","0.05","611.95","193.78","First Class"
"794","ORD-04331","2023-10-17","2023-10-24","CUST-0033","PROD-0038","3","0.00","498.30","123.87","First Class"
"795","ORD-05067","2023-11-16","2023-11-23","CUST-0086","PROD-0017","10","0.15","795.52","296.82","Same Day"
"796","ORD-00645","2025-04-01","2025-04-04","CUST-0156","PROD-0016","7","0.20","203.28","34.44","Same Day"
"797","ORD-01114","2024-10-17","2024-10-22","CUST-0157","PROD-0011","9","0.15","3443.26","363.64","Standard Class"
"798","ORD-01623","2025-06-06","2025-06-09","CUST-0047","PROD-0013","7","0.00","3623.62","1462.02","First Class"
"799","ORD-03543","2024-09-05","2024-09-07","CUST-0217","PROD-0037","3","0.10","1960.04","635.69","Standard Class"
"800","ORD-03089","2024-05-31","2024-06-05","CUST-0067","PROD-0012","8","0.00","2212.56","773.92","First Class"
"801","ORD-05655","2025-04-22","2025-04-24","CUST-0247","PROD-0020","9","0.10","430.35","155.31","Standard Class"
"802","ORD-00664","2024-05-09","2024-05-15","CUST-0048","PROD-0012","9","0.00","2489.13","870.66","Standard Class"
"803","ORD-06425","2024-11-03","2024-11-04","CUST-0103","PROD-0001","4","0.00","1829.52","713.04","Standard Class"
"804","ORD-05098","2025-03-24","2025-03-28","CUST-0109","PROD-0028","8","0.00","185.52","60.48","Second Class"
"805","ORD-02846","2024-10-25","2024-10-27","CUST-0104","PROD-0014","6","0.00","1121.76","446.10","Standard Class"
"806","ORD-00360","2024-08-26","2024-09-01","CUST-0140","PROD-0012","9","0.00","2489.13","870.66","Second Class"
"807","ORD-04890","2023-07-27","2023-07-31","CUST-0240","PROD-0024","9","0.20","638.06","201.74","Standard Class"
"808","ORD-04045","2025-01-07","2025-01-11","CUST-0148","PROD-0003","8","0.00","1150.08","381.36","Second Class"
"809","ORD-03963","2025-02-18","2025-02-19","CUST-0180","PROD-0039","1","0.10","579.74","161.57","Standard Class"
"810","ORD-03292","2025-02-13","2025-02-20","CUST-0026","PROD-0028","6","0.05","132.18","38.40","Standard Class"
"811","ORD-00396","2024-09-04","2024-09-11","CUST-0030","PROD-0018","9","0.10","635.28","183.12","Standard Class"
"812","ORD-05393","2024-03-07","2024-03-12","CUST-0056","PROD-0006","7","0.00","4952.08","2152.29","Standard Class"
"813","ORD-03053","2024-11-22","2024-11-25","CUST-0231","PROD-0038","8","0.00","1328.80","330.32","Same Day"
"814","ORD-01378","2025-02-20","2025-02-27","CUST-0249","PROD-0027","1","0.00","70.70","30.88","First Class"
"815","ORD-05855","2025-03-04","2025-03-11","CUST-0076","PROD-0006","6","0.00","4244.64","1844.82","Standard Class"
"816","ORD-03304","2025-06-28","2025-06-30","CUST-0243","PROD-0034","3","0.00","557.19","169.32","First Class"
"817","ORD-02199","2025-12-15","2025-12-17","CUST-0135","PROD-0032","12","0.15","1825.49","323.45","Standard Class"
"818","ORD-05918","2025-06-13","2025-06-16","CUST-0160","PROD-0021","11","0.05","728.26","161.21","Standard Class"
"819","ORD-03280","2024-08-03","2024-08-06","CUST-0063","PROD-0027","8","0.00","565.60","247.04","Second Class"
"820","ORD-04810","2025-06-05","2025-06-07","CUST-0083","PROD-0018","11","0.00","862.73","310.09","Standard Class"
"821","ORD-00256","2024-09-12","2024-09-16","CUST-0168","PROD-0031","11","0.00","1940.29","525.80","Same Day"
"822","ORD-03735","2024-10-22","2024-10-28","CUST-0145","PROD-0010","11","0.20","1610.31","139.72","Second Class"
"823","ORD-05640","2025-04-25","2025-04-29","CUST-0097","PROD-0015","8","0.05","677.24","204.60","First Class"
"824","ORD-04838","2023-03-31","2023-04-05","CUST-0112","PROD-0032","4","0.00","715.88","215.20","Same Day"
"825","ORD-01255","2023-12-31","2024-01-06","CUST-0042","PROD-0017","10","0.00","935.90","437.20","Standard Class"
"826","ORD-05421","2024-06-16","2024-06-17","CUST-0079","PROD-0019","8","0.00","828.64","364.40","Standard Class"
"827","ORD-00843","2024-05-24","2024-05-29","CUST-0181","PROD-0029","5","0.00","233.10","83.20","Standard Class"
"828","ORD-00086","2024-12-29","2025-01-04","CUST-0158","PROD-0003","11","0.00","1581.36","524.37","Standard Class"
"829","ORD-06435","2025-12-08","2025-12-14","CUST-0138","PROD-0001","5","0.05","2172.55","776.95","Standard Class"
"830","ORD-00771","2025-01-10","2025-01-12","CUST-0020","PROD-0036","8","0.00","3971.12","1084.64","Standard Class"
"831","ORD-04946","2023-09-17","2023-09-20","CUST-0031","PROD-0040","6","0.00","539.10","151.14","Second Class"
"832","ORD-05647","2024-07-01","2024-07-08","CUST-0182","PROD-0002","7","0.05","929.94","309.25","Same Day"
"833","ORD-02718","2024-05-07","2024-05-12","CUST-0149","PROD-0024","3","0.00","265.86","120.42","Standard Class"
"834","ORD-02687","2024-02-12","2024-02-18","CUST-0148","PROD-0022","4","0.15","95.74","28.14","Same Day"
"835","ORD-05744","2024-08-23","2024-08-29","CUST-0248","PROD-0018","12","0.00","941.16","338.28","Standard Class"
"836","ORD-02505","2025-12-04","2025-12-07","CUST-0218","PROD-0017","11","0.00","1029.49","480.92","Same Day"
"837","ORD-00501","2024-05-03","2024-05-04","CUST-0206","PROD-0021","1","0.00","69.69","18.14","Second Class"
"838","ORD-01786","2024-08-30","2024-09-01","CUST-0101","PROD-0039","2","0.00","1288.32","451.98","Standard Class"
"839","ORD-04478","2024-07-01","2024-07-08","CUST-0033","PROD-0037","9","0.15","5553.44","1580.39","Same Day"
"840","ORD-04270","2024-02-20","2024-02-22","CUST-0195","PROD-0002","2","0.00","279.68","102.34","Standard Class"
"841","ORD-02213","2024-09-12","2024-09-14","CUST-0145","PROD-0007","9","0.05","3502.51","905.47","Second Class"
"842","ORD-01974","2025-05-17","2025-05-19","CUST-0086","PROD-0030","1","0.05","504.79","141.48","Standard Class"
"843","ORD-04094","2023-12-01","2023-12-05","CUST-0237","PROD-0009","7","0.00","3209.22","1385.93","Standard Class"
"844","ORD-00814","2024-01-25","2024-01-29","CUST-0079","PROD-0024","5","0.00","443.10","200.70","Standard Class"
"845","ORD-00712","2023-08-05","2023-08-11","CUST-0224","PROD-0010","12","0.00","2195.88","591.60","Standard Class"
"846","ORD-02323","2023-08-25","2023-08-27","CUST-0025","PROD-0026","4","0.20","247.33","71.17","Standard Class"
"847","ORD-03171","2024-12-03","2024-12-08","CUST-0196","PROD-0025","4","0.00","140.16","65.16","Second Class"
"848","ORD-01832","2023-05-22","2023-05-23","CUST-0155","PROD-0022","4","0.00","112.64","45.04","Standard Class"
"849","ORD-00690","2023-10-09","2023-10-10","CUST-0235","PROD-0024","9","0.15","677.94","241.62","Standard Class"
"850","ORD-00864","2025-04-16","2025-04-21","CUST-0169","PROD-0011","10","0.00","4501.00","1079.20","Standard Class"
"851","ORD-02485","2024-11-10","2024-11-16","CUST-0084","PROD-0001","2","0.00","914.76","356.52","Standard Class"
"852","ORD-06179","2023-12-27","2024-01-02","CUST-0042","PROD-0016","10","0.00","363.00","121.80","Standard Class"
"853","ORD-03633","2023-06-01","2023-06-06","CUST-0098","PROD-0036","1","0.10","446.75","85.94","Second Class"
"854","ORD-03068","2025-02-06","2025-02-07","CUST-0087","PROD-0002","1","0.10","125.86","37.19","Second Class"
"855","ORD-02662","2025-07-10","2025-07-15","CUST-0154","PROD-0027","11","0.00","777.70","339.68","Standard Class"
"856","ORD-05560","2025-07-19","2025-07-26","CUST-0059","PROD-0024","11","0.00","974.82","441.54","Standard Class"
"857","ORD-05295","2023-11-30","2023-12-02","CUST-0219","PROD-0018","11","0.20","690.18","137.54","Standard Class"
"858","ORD-03180","2024-10-25","2024-10-30","CUST-0172","PROD-0009","3","0.00","1375.38","593.97","Standard Class"
"859","ORD-04144","2024-04-30","2024-05-01","CUST-0030","PROD-0027","11","0.00","777.70","339.68","Second Class"
"860","ORD-05028","2025-12-16","2025-12-23","CUST-0125","PROD-0039","4","0.00","2576.64","903.96","First Class"
"861","ORD-04876","2024-04-06","2024-04-09","CUST-0108","PROD-0012","1","0.10","248.91","69.08","Standard Class"
"862","ORD-06376","2024-12-24","2024-12-27","CUST-0118","PROD-0015","8","0.00","712.88","240.24","Standard Class"
"863","ORD-06075","2024-06-28","2024-07-02","CUST-0176","PROD-0026","2","0.00","154.58","66.50","Standard Class"
"864","ORD-00837","2024-08-16","2024-08-21","CUST-0249","PROD-0003","12","0.00","1725.12","572.04","Standard Class"
"865","ORD-01678","2025-07-26","2025-07-28","CUST-0126","PROD-0033","1","0.05","750.51","261.27","Same Day"
"866","ORD-02099","2025-07-04","2025-07-10","CUST-0038","PROD-0040","1","0.00","89.85","25.19","Second Class"
"867","ORD-00688","2024-01-03","2024-01-05","CUST-0041","PROD-0035","3","0.10","1129.79","272.69","Second Class"
"868","ORD-02028","2025-03-29","2025-04-04","CUST-0036","PROD-0030","8","0.00","4250.88","1344.40","Same Day"
"869","ORD-03550","2025-10-06","2025-10-08","CUST-0062","PROD-0006","7","0.00","4952.08","2152.29","First Class"
"870","ORD-05043","2025-08-30","2025-09-02","CUST-0247","PROD-0004","12","0.05","6636.97","2753.89","First Class"
"871","ORD-04799","2025-12-23","2025-12-26","CUST-0246","PROD-0026","6","0.05","440.55","176.31","Standard Class"
"872","ORD-04749","2025-11-19","2025-11-20","CUST-0063","PROD-0023","8","0.00","52.24","15.12","Standard Class"
"873","ORD-02286","2024-01-07","2024-01-13","CUST-0130","PROD-0025","8","0.00","280.32","130.32","Second Class"
"874","ORD-03449","2023-04-07","2023-04-14","CUST-0201","PROD-0020","6","0.20","255.02","71.66","Standard Class"
"875","ORD-06312","2025-11-06","2025-11-07","CUST-0107","PROD-0008","5","0.15","625.73","193.13","Standard Class"
"876","ORD-00801","2025-04-30","2025-05-06","CUST-0069","PROD-0039","7","0.00","4509.12","1581.93","Standard Class"
"877","ORD-06124","2024-01-08","2024-01-12","CUST-0132","PROD-0017","5","0.20","374.36","125.01","Standard Class"
"878","ORD-00926","2025-07-05","2025-07-10","CUST-0147","PROD-0039","9","0.05","5507.57","1744.04","Second Class"
"879","ORD-05510","2025-05-23","2025-05-30","CUST-0213","PROD-0031","6","0.00","1058.34","286.80","Second Class"
"880","ORD-02343","2024-08-07","2024-08-08","CUST-0067","PROD-0035","12","0.10","4519.15","1090.75","Second Class"
"881","ORD-05353","2023-08-11","2023-08-15","CUST-0013","PROD-0014","6","0.00","1121.76","446.10","Standard Class"
"882","ORD-03376","2024-10-29","2024-11-05","CUST-0129","PROD-0003","10","0.00","1437.60","476.70","First Class"
"883","ORD-05239","2025-10-31","2025-11-06","CUST-0175","PROD-0039","4","0.00","2576.64","903.96","Standard Class"
"884","ORD-02674","2025-01-01","2025-01-05","CUST-0098","PROD-0010","6","0.00","1097.94","295.80","Second Class"
"885","ORD-05313","2025-05-22","2025-05-24","CUST-0070","PROD-0027","4","0.10","254.52","95.24","Second Class"
"886","ORD-02998","2025-03-02","2025-03-04","CUST-0171","PROD-0025","9","0.00","315.36","146.61","Standard Class"
"887","ORD-00783","2023-10-16","2023-10-21","CUST-0084","PROD-0024","5","0.00","443.10","200.70","Standard Class"
"888","ORD-02782","2024-02-18","2024-02-25","CUST-0002","PROD-0025","12","0.10","378.43","153.43","First Class"
"889","ORD-05704","2024-02-23","2024-02-28","CUST-0214","PROD-0011","10","0.00","4501.00","1079.20","First Class"
"890","ORD-02453","2025-09-25","2025-10-01","CUST-0058","PROD-0006","2","0.10","1273.39","473.45","Standard Class"
"891","ORD-02629","2023-11-21","2023-11-22","CUST-0218","PROD-0016","11","0.15","339.40","74.08","First Class"
"892","ORD-01750","2024-02-16","2024-02-18","CUST-0090","PROD-0027","6","0.15","360.57","121.65","Standard Class"
"893","ORD-06418","2025-04-17","2025-04-23","CUST-0150","PROD-0008","12","0.15","1501.75","463.51","Standard Class"
"894","ORD-06084","2023-08-06","2023-08-08","CUST-0059","PROD-0040","1","0.00","89.85","25.19","Same Day"
"895","ORD-03218","2025-05-10","2025-05-17","CUST-0156","PROD-0022","12","0.05","321.02","118.22","Standard Class"
"896","ORD-00135","2025-01-30","2025-02-03","CUST-0064","PROD-0029","9","0.00","419.58","149.76","Standard Class"
"897","ORD-04515","2025-09-29","2025-10-04","CUST-0218","PROD-0002","9","0.15","1069.78","271.75","Second Class"
"898","ORD-02147","2025-01-05","2025-01-11","CUST-0021","PROD-0015","2","0.00","178.22","60.06","Standard Class"
"899","ORD-02460","2025-10-11","2025-10-15","CUST-0147","PROD-0031","6","0.00","1058.34","286.80","First Class"
"900","ORD-01137","2024-08-25","2024-08-27","CUST-0178","PROD-0005","8","0.00","2087.68","801.84","Standard Class"
"901","ORD-05057","2024-11-07","2024-11-08","CUST-0039","PROD-0027","1","0.00","70.70","30.88","Standard Class"
"902","ORD-01025","2024-11-15","2024-11-19","CUST-0029","PROD-0038","12","0.00","1993.20","495.48","Second Class"
"903","ORD-05496","2024-01-01","2024-01-08","CUST-0062","PROD-0024","9","0.00","797.58","361.26","Same Day"
"904","ORD-01266","2024-02-29","2024-03-04","CUST-0191","PROD-0016","4","0.00","145.20","48.72","Standard Class"
"905","ORD-04406","2024-11-03","2024-11-06","CUST-0079","PROD-0040","3","0.00","269.55","75.57","Standard Class"
"906","ORD-05889","2025-01-31","2025-02-01","CUST-0147","PROD-0040","11","0.05","938.93","227.67","First Class"
"907","ORD-02100","2024-09-03","2024-09-10","CUST-0048","PROD-0033","8","0.05","6004.08","2090.16","Standard Class"
"908","ORD-03467","2025-01-30","2025-02-06","CUST-0187","PROD-0025","9","0.00","315.36","146.61","Standard Class"
"909","ORD-00543","2025-08-30","2025-09-04","CUST-0026","PROD-0007","2","0.10","737.37","160.25","First Class"
"910","ORD-06318","2024-05-10","2024-05-14","CUST-0144","PROD-0032","1","0.00","178.97","53.80","Standard Class"
"911","ORD-06446","2023-11-29","2023-12-03","CUST-0059","PROD-0004","10","0.20","4657.52","1421.62","Standard Class"
"912","ORD-02249","2025-05-20","2025-05-22","CUST-0181","PROD-0019","5","0.00","517.90","227.75","Standard Class"
"913","ORD-00110","2023-06-07","2023-06-09","CUST-0107","PROD-0018","9","0.00","705.87","253.71","Standard Class"
"914","ORD-00460","2025-02-01","2025-02-05","CUST-0095","PROD-0038","4","0.10","597.96","98.72","Standard Class"
"915","ORD-06050","2023-10-16","2023-10-20","CUST-0139","PROD-0035","3","0.15","1067.02","209.92","First Class"
"916","ORD-06178","2024-04-23","2024-04-24","CUST-0120","PROD-0029","1","0.05","44.29","14.31","Standard Class"
"917","ORD-01209","2025-05-29","2025-05-31","CUST-0216","PROD-0029","9","0.00","419.58","149.76","Same Day"
"918","ORD-04065","2024-03-03","2024-03-10","CUST-0200","PROD-0016","9","0.05","310.36","93.28","Standard Class"
"919","ORD-02637","2024-12-03","2024-12-07","CUST-0160","PROD-0038","3","0.00","498.30","123.87","Standard Class"
"920","ORD-04180","2025-09-28","2025-10-04","CUST-0080","PROD-0013","12","0.00","6211.92","2506.32","First Class"
"921","ORD-05327","2023-10-15","2023-10-21","CUST-0157","PROD-0026","7","0.00","541.03","232.75","Standard Class"
"922","ORD-04198","2023-08-23","2023-08-27","CUST-0015","PROD-0015","2","0.15","151.49","33.33","Standard Class"
"923","ORD-02367","2025-03-08","2025-03-11","CUST-0161","PROD-0007","9","0.00","3686.85","1089.81","Standard Class"
"924","ORD-01590","2025-05-03","2025-05-09","CUST-0139","PROD-0004","4","0.10","2095.88","801.52","Second Class"
"925","ORD-03753","2024-08-25","2024-08-26","CUST-0167","PROD-0032","3","0.10","483.22","107.71","Standard Class"
"926","ORD-05017","2025-06-17","2025-06-21","CUST-0094","PROD-0034","7","0.20","1040.09","135.06","Standard Class"
"927","ORD-03770","2024-12-22","2024-12-23","CUST-0116","PROD-0020","7","0.10","334.72","120.80","Standard Class"
"928","ORD-02280","2025-05-16","2025-05-17","CUST-0154","PROD-0026","11","0.00","850.19","365.75","Standard Class"
"929","ORD-05316","2025-10-09","2025-10-13","CUST-0010","PROD-0033","6","0.10","4266.05","1330.61","Standard Class"
"930","ORD-04501","2025-06-01","2025-06-04","CUST-0021","PROD-0007","8","0.00","3277.20","968.72","Second Class"
"931","ORD-04627","2025-08-24","2025-08-26","CUST-0114","PROD-0010","7","0.10","1152.84","217.01","Standard Class"
"932","ORD-05450","2023-12-28","2023-12-30","CUST-0247","PROD-0017","1","0.00","93.59","43.72","Standard Class"
"933","ORD-01685","2025-08-14","2025-08-20","CUST-0047","PROD-0039","3","0.00","1932.48","677.97","Standard Class"
"934","ORD-06010","2024-07-27","2024-08-02","CUST-0049","PROD-0013","12","0.00","6211.92","2506.32","Standard Class"
"935","ORD-04697","2024-05-15","2024-05-21","CUST-0170","PROD-0028","5","0.05","110.15","32.00","Standard Class"
"936","ORD-04968","2025-09-26","2025-09-29","CUST-0110","PROD-0026","3","0.00","231.87","99.75","First Class"
"937","ORD-03744","2025-01-29","2025-01-31","CUST-0074","PROD-0026","10","0.10","695.61","255.21","Standard Class"
"938","ORD-04866","2024-11-23","2024-11-28","CUST-0182","PROD-0030","9","0.05","4543.13","1273.34","Second Class"
"939","ORD-03793","2024-08-26","2024-08-29","CUST-0219","PROD-0034","4","0.00","742.92","225.76","Second Class"
"940","ORD-03033","2023-04-12","2023-04-18","CUST-0141","PROD-0029","3","0.00","139.86","49.92","Standard Class"
"941","ORD-00482","2023-09-06","2023-09-07","CUST-0232","PROD-0022","1","0.15","23.94","7.04","Standard Class"
"942","ORD-02633","2025-04-24","2025-04-27","CUST-0126","PROD-0037","6","0.20","3484.51","835.81","First Class"
"943","ORD-03287","2024-04-23","2024-04-28","CUST-0101","PROD-0004","3","0.10","1571.91","601.14","Same Day"
"944","ORD-04448","2024-06-20","2024-06-22","CUST-0131","PROD-0035","2","0.00","836.88","265.48","Second Class"
"945","ORD-03084","2025-06-24","2025-06-26","CUST-0105","PROD-0014","7","0.05","1243.28","455.01","Second Class"
"946","ORD-04524","2023-09-26","2023-09-28","CUST-0173","PROD-0011","1","0.00","450.10","107.92","Second Class"
"947","ORD-06283","2025-10-19","2025-10-24","CUST-0093","PROD-0003","2","0.00","287.52","95.34","Standard Class"
"948","ORD-01842","2024-02-28","2024-03-01","CUST-0244","PROD-0015","11","0.05","931.20","281.32","Second Class"
"949","ORD-05543","2024-10-12","2024-10-18","CUST-0090","PROD-0040","1","0.05","85.36","20.70","Standard Class"
"950","ORD-01978","2023-08-04","2023-08-09","CUST-0075","PROD-0015","9","0.00","801.99","270.27","Standard Class"
"951","ORD-05815","2024-12-03","2024-12-05","CUST-0049","PROD-0005","8","0.00","2087.68","801.84","Standard Class"
"952","ORD-03203","2023-04-16","2023-04-20","CUST-0116","PROD-0002","12","0.05","1594.18","530.14","Second Class"
"953","ORD-05875","2024-11-13","2024-11-16","CUST-0068","PROD-0026","7","0.00","541.03","232.75","Standard Class"
"954","ORD-06378","2023-04-14","2023-04-17","CUST-0144","PROD-0038","12","0.05","1893.54","395.82","First Class"
"955","ORD-02865","2025-07-22","2025-07-29","CUST-0121","PROD-0010","3","0.00","548.97","147.90","Second Class"
"956","ORD-01631","2025-01-14","2025-01-15","CUST-0097","PROD-0040","6","0.15","458.23","70.27","First Class"
"957","ORD-00381","2023-04-24","2023-04-29","CUST-0072","PROD-0005","2","0.10","469.73","148.27","Standard Class"
"958","ORD-04385","2025-03-10","2025-03-11","CUST-0106","PROD-0028","6","0.15","118.27","24.49","Standard Class"
"959","ORD-03359","2025-08-01","2025-08-02","CUST-0027","PROD-0016","8","0.10","261.36","68.40","Standard Class"
"960","ORD-02900","2023-07-26","2023-07-31","CUST-0085","PROD-0021","3","0.05","198.62","43.97","First Class"
"961","ORD-00305","2025-05-24","2025-05-31","CUST-0021","PROD-0029","6","0.00","279.72","99.84","Second Class"
"962","ORD-06289","2025-01-13","2025-01-19","CUST-0073","PROD-0040","7","0.00","628.95","176.33","Standard Class"
"963","ORD-01216","2023-08-04","2023-08-09","CUST-0072","PROD-0038","5","0.10","747.45","123.40","First Class"
"964","ORD-02452","2024-02-01","2024-02-03","CUST-0051","PROD-0009","9","0.00","4126.14","1781.91","First Class"
"965","ORD-02859","2023-09-16","2023-09-19","CUST-0224","PROD-0012","9","0.00","2489.13","870.66","Standard Class"
"966","ORD-05463","2024-09-19","2024-09-23","CUST-0060","PROD-0020","3","0.05","151.42","59.74","Standard Class"
"967","ORD-03781","2024-05-08","2024-05-14","CUST-0073","PROD-0027","7","0.00","494.90","216.16","Same Day"
"968","ORD-03778","2025-09-14","2025-09-18","CUST-0042","PROD-0030","11","0.00","5844.96","1848.55","Standard Class"
"969","ORD-04771","2024-12-30","2025-01-06","CUST-0044","PROD-0007","1","0.00","409.65","121.09","Standard Class"
"970","ORD-02151","2023-06-24","2023-06-26","CUST-0010","PROD-0001","3","0.05","1303.53","466.17","First Class"
"971","ORD-05622","2025-12-23","2025-12-26","CUST-0108","PROD-0029","8","0.15","317.02","77.18","Standard Class"
"972","ORD-00409","2023-09-17","2023-09-21","CUST-0204","PROD-0006","9","0.10","5730.26","2130.53","Second Class"
"973","ORD-00155","2024-06-16","2024-06-23","CUST-0217","PROD-0034","2","0.00","371.46","112.88","Second Class"
"974","ORD-00179","2025-05-18","2025-05-22","CUST-0095","PROD-0028","12","0.00","278.28","90.72","Same Day"
"975","ORD-05419","2025-01-25","2025-01-31","CUST-0022","PROD-0022","6","0.00","168.96","67.56","First Class"
"976","ORD-03977","2024-09-05","2024-09-08","CUST-0053","PROD-0003","4","0.00","575.04","190.68","Standard Class"
"977","ORD-01131","2025-09-16","2025-09-18","CUST-0144","PROD-0014","6","0.00","1121.76","446.10","Standard Class"
"978","ORD-04778","2024-05-12","2024-05-16","CUST-0246","PROD-0033","6","0.20","3792.05","856.61","Second Class"
"979","ORD-03586","2024-10-21","2024-10-27","CUST-0229","PROD-0006","3","0.00","2122.32","922.41","First Class"
"980","ORD-01899","2024-11-26","2024-12-03","CUST-0031","PROD-0037","7","0.10","4573.42","1483.27","Second Class"
"981","ORD-04006","2025-08-05","2025-08-09","CUST-0053","PROD-0028","3","0.00","69.57","22.68","Standard Class"
"982","ORD-02676","2025-02-15","2025-02-19","CUST-0005","PROD-0026","3","0.00","231.87","99.75","Standard Class"
"983","ORD-04673","2025-03-02","2025-03-04","CUST-0238","PROD-0010","3","0.00","548.97","147.90","Standard Class"
"984","ORD-00516","2025-01-27","2025-01-28","CUST-0140","PROD-0025","8","0.10","252.29","102.29","Standard Class"
"985","ORD-06134","2023-11-20","2023-11-23","CUST-0008","PROD-0027","10","0.00","707.00","308.80","Standard Class"
"986","ORD-02750","2023-10-10","2023-10-12","CUST-0197","PROD-0019","11","0.10","1025.44","387.11","Standard Class"
"987","ORD-06133","2025-03-23","2025-03-30","CUST-0236","PROD-0016","1","0.20","29.04","4.92","First Class"
"988","ORD-03759","2023-04-03","2023-04-06","CUST-0008","PROD-0030","12","0.05","6057.50","1697.78","Standard Class"
"989","ORD-01351","2023-10-22","2023-10-23","CUST-0122","PROD-0028","2","0.00","46.38","15.12","Standard Class"
"990","ORD-04373","2024-06-16","2024-06-21","CUST-0214","PROD-0003","4","0.00","575.04","190.68","Standard Class"
"991","ORD-00976","2024-08-20","2024-08-25","CUST-0007","PROD-0031","3","0.00","529.17","143.40","First Class"
"992","ORD-05522","2023-09-16","2023-09-19","CUST-0104","PROD-0016","2","0.00","72.60","24.36","Standard Class"
"993","ORD-01410","2024-10-20","2024-10-25","CUST-0192","PROD-0011","6","0.15","2295.51","242.43","Standard Class"
"994","ORD-03511","2024-12-04","2024-12-11","CUST-0131","PROD-0004","8","0.00","4657.52","2068.80","Second Class"
"995","ORD-05607","2025-10-19","2025-10-25","CUST-0225","PROD-0011","2","0.00","900.20","215.84","First Class"
"996","ORD-03321","2023-10-06","2023-10-08","CUST-0039","PROD-0008","3","0.00","441.69","182.13","Second Class"
"997","ORD-05249","2024-04-29","2024-05-06","CUST-0134","PROD-0017","10","0.00","935.90","437.20","Standard Class"
"998","ORD-03213","2025-09-13","2025-09-15","CUST-0137","PROD-0018","7","0.05","521.56","169.88","Standard Class"
"999","ORD-04384","2024-09-18","2024-09-22","CUST-0117","PROD-0036","1","0.00","496.39","135.58","Standard Class"
"1000","ORD-01679","2025-08-16","2025-08-22","CUST-0123","PROD-0018","12","0.00","941.16","338.28","Standard Class"
"1001","ORD-03505","2025-06-10","2025-06-16","CUST-0005","PROD-0005","9","0.00","2348.64","902.07","Standard Class"
"1002","ORD-01093","2024-08-07","2024-08-10","CUST-0181","PROD-0038","7","0.05","1104.57","230.90","Second Class"
"1003","ORD-04642","2024-11-12","2024-11-14","CUST-0208","PROD-0018","4","0.00","313.72","112.76","Standard Class"
"1004","ORD-03723","2025-04-04","2025-04-09","CUST-0110","PROD-0006","6","0.20","3395.71","995.89","Standard Class"
"1005","ORD-05051","2025-01-26","2025-01-31","CUST-0051","PROD-0030","4","0.20","1700.35","247.11","Standard Class"
"1006","ORD-04314","2025-07-22","2025-07-28","CUST-0049","PROD-0011","2","0.00","900.20","215.84","Second Class"
"1007","ORD-04202","2023-09-11","2023-09-14","CUST-0051","PROD-0032","4","0.00","715.88","215.20","First Class"
"1008","ORD-05167","2025-12-09","2025-12-12","CUST-0195","PROD-0028","2","0.00","46.38","15.12","Standard Class"
"1009","ORD-04665","2024-10-07","2024-10-11","CUST-0057","PROD-0011","1","0.10","405.09","62.91","Standard Class"
"1010","ORD-06165","2024-11-24","2024-11-28","CUST-0181","PROD-0038","4","0.00","664.40","165.16","Standard Class"
"1011","ORD-02490","2025-07-20","2025-07-27","CUST-0222","PROD-0032","5","0.00","894.85","269.00","Standard Class"
"1012","ORD-01843","2025-07-15","2025-07-20","CUST-0042","PROD-0033","12","0.05","9006.11","3135.23","Standard Class"
"1013","ORD-02691","2024-10-09","2024-10-14","CUST-0126","PROD-0030","12","0.00","6376.32","2016.60","Standard Class"
"1014","ORD-01052","2025-02-13","2025-02-18","CUST-0106","PROD-0007","2","0.05","778.33","201.21","Standard Class"
"1015","ORD-01778","2024-10-01","2024-10-02","CUST-0046","PROD-0017","9","0.05","800.19","351.36","First Class"
"1016","ORD-02802","2024-01-02","2024-01-04","CUST-0161","PROD-0024","5","0.00","443.10","200.70","Second Class"
"1017","ORD-02646","2024-07-06","2024-07-11","CUST-0185","PROD-0017","4","0.00","374.36","174.88","Standard Class"
"1018","ORD-04874","2023-12-26","2024-01-02","CUST-0022","PROD-0019","11","0.15","968.47","330.14","Standard Class"
"1019","ORD-04114","2024-08-19","2024-08-26","CUST-0225","PROD-0014","4","0.00","747.84","297.40","Standard Class"
"1020","ORD-01967","2024-03-18","2024-03-20","CUST-0246","PROD-0008","2","0.00","294.46","121.42","Standard Class"
"1021","ORD-01555","2023-03-29","2023-04-04","CUST-0075","PROD-0005","12","0.10","2818.37","889.61","Standard Class"
"1022","ORD-02977","2025-07-20","2025-07-26","CUST-0142","PROD-0036","6","0.00","2978.34","813.48","First Class"
"1023","ORD-01926","2023-11-02","2023-11-05","CUST-0244","PROD-0034","7","0.00","1300.11","395.08","Standard Class"
"1024","ORD-00197","2024-12-15","2024-12-22","CUST-0075","PROD-0020","3","0.10","143.45","51.77","First Class"
"1025","ORD-04404","2024-08-06","2024-08-13","CUST-0180","PROD-0021","4","0.10","250.88","44.68","Standard Class"
"1026","ORD-00841","2024-07-17","2024-07-24","CUST-0202","PROD-0023","8","0.10","47.02","9.90","Standard Class"
"1027","ORD-03200","2025-03-29","2025-04-02","CUST-0126","PROD-0039","4","0.10","2318.98","646.30","First Class"
"1028","ORD-00198","2025-01-20","2025-01-27","CUST-0164","PROD-0012","6","0.00","1659.42","580.44","Standard Class"
"1029","ORD-00171","2024-10-19","2024-10-21","CUST-0018","PROD-0023","12","0.05","74.44","18.76","Standard Class"
"1030","ORD-05924","2025-09-04","2025-09-05","CUST-0237","PROD-0030","4","0.10","1912.90","459.66","Standard Class"
"1031","ORD-00812","2024-03-07","2024-03-11","CUST-0163","PROD-0037","9","0.05","6206.79","2233.74","Standard Class"
"1032","ORD-02554","2023-05-29","2023-06-03","CUST-0181","PROD-0012","3","0.10","746.74","207.25","Standard Class"
"1033","ORD-03836","2024-05-06","2024-05-13","CUST-0059","PROD-0035","8","0.00","3347.52","1061.92","Second Class"
"1034","ORD-01443","2025-01-05","2025-01-12","CUST-0154","PROD-0017","11","0.00","1029.49","480.92","Standard Class"
"1035","ORD-02851","2025-08-11","2025-08-13","CUST-0066","PROD-0023","5","0.00","32.65","9.45","Same Day"
"1036","ORD-01715","2024-03-01","2024-03-02","CUST-0148","PROD-0004","12","0.00","6986.28","3103.20","First Class"
"1037","ORD-04483","2025-05-10","2025-05-17","CUST-0198","PROD-0019","1","0.00","103.58","45.55","Second Class"
"1038","ORD-01561","2025-12-04","2025-12-08","CUST-0084","PROD-0030","8","0.00","4250.88","1344.40","Standard Class"
"1039","ORD-01314","2024-02-18","2024-02-19","CUST-0032","PROD-0023","4","0.15","22.20","3.64","Standard Class"
"1040","ORD-06199","2024-04-03","2024-04-04","CUST-0101","PROD-0021","2","0.05","132.41","29.31","Second Class"
"1041","ORD-02495","2024-07-06","2024-07-11","CUST-0125","PROD-0016","8","0.00","290.40","97.44","Standard Class"
"1042","ORD-01965","2025-03-04","2025-03-08","CUST-0076","PROD-0013","3","0.05","1475.33","548.93","Standard Class"
"1043","ORD-06035","2023-06-30","2023-07-05","CUST-0063","PROD-0026","7","0.10","486.93","178.65","Same Day"
"1044","ORD-06019","2023-11-06","2023-11-12","CUST-0095","PROD-0023","8","0.20","41.79","4.67","Standard Class"
"1045","ORD-04493","2025-04-02","2025-04-03","CUST-0141","PROD-0039","5","0.00","3220.80","1129.95","Standard Class"
"1046","ORD-01054","2024-09-28","2024-10-04","CUST-0015","PROD-0039","4","0.20","2061.31","388.63","Second Class"
"1047","ORD-03508","2024-06-29","2024-06-30","CUST-0003","PROD-0036","5","0.00","2481.95","677.90","Standard Class"
"1048","ORD-01237","2024-07-04","2024-07-09","CUST-0222","PROD-0028","9","0.15","177.40","36.73","Standard Class"
"1049","ORD-06154","2025-09-20","2025-09-24","CUST-0223","PROD-0028","9","0.00","208.71","68.04","Standard Class"
"1050","ORD-00695","2024-10-13","2024-10-20","CUST-0219","PROD-0004","9","0.00","5239.71","2327.40","Standard Class"
"1051","ORD-01646","2025-08-23","2025-08-29","CUST-0122","PROD-0008","3","0.15","375.44","115.88","Second Class"
"1052","ORD-05953","2025-01-27","2025-02-01","CUST-0106","PROD-0011","1","0.05","427.60","85.42","Standard Class"
"1053","ORD-06375","2025-01-18","2025-01-24","CUST-0135","PROD-0026","11","0.10","765.17","280.73","Standard Class"
"1054","ORD-01448","2025-08-11","2025-08-18","CUST-0163","PROD-0017","12","0.00","1123.08","524.64","Standard Class"
"1055","ORD-04372","2025-07-02","2025-07-04","CUST-0101","PROD-0018","6","0.10","423.52","122.08","Second Class"
"1056","ORD-01807","2025-09-29","2025-10-01","CUST-0187","PROD-0018","2","0.00","156.86","56.38","Standard Class"
"1057","ORD-05262","2024-11-18","2024-11-19","CUST-0179","PROD-0004","4","0.05","2212.32","917.96","Standard Class"
"1058","ORD-02965","2025-09-28","2025-10-01","CUST-0049","PROD-0035","12","0.00","5021.28","1592.88","First Class"
"1059","ORD-02291","2025-06-15","2025-06-21","CUST-0002","PROD-0022","10","0.00","281.60","112.60","Standard Class"
"1060","ORD-04787","2024-12-10","2024-12-17","CUST-0170","PROD-0040","1","0.15","76.37","11.71","Standard Class"
"1061","ORD-05115","2024-07-02","2024-07-04","CUST-0037","PROD-0038","1","0.00","166.10","41.29","Second Class"
"1062","ORD-05251","2025-08-15","2025-08-16","CUST-0223","PROD-0009","8","0.00","3667.68","1583.92","Standard Class"
"1063","ORD-04873","2024-10-07","2024-10-14","CUST-0067","PROD-0025","1","0.00","35.04","16.29","Second Class"
"1064","ORD-04340","2025-06-08","2025-06-12","CUST-0035","PROD-0027","1","0.00","70.70","30.88","First Class"
"1065","ORD-00729","2024-02-23","2024-02-25","CUST-0223","PROD-0031","4","0.10","635.00","120.64","Second Class"
"1066","ORD-00416","2024-09-06","2024-09-13","CUST-0005","PROD-0008","3","0.00","441.69","182.13","Standard Class"
"1067","ORD-02563","2024-11-24","2024-11-30","CUST-0145","PROD-0037","9","0.00","6533.46","2560.41","Second Class"
"1068","ORD-05050","2023-01-18","2023-01-20","CUST-0211","PROD-0019","11","0.00","1139.38","501.05","Second Class"
"1069","ORD-00703","2025-07-01","2025-07-03","CUST-0142","PROD-0007","11","0.05","4280.84","1106.68","First Class"
"1070","ORD-02184","2025-03-17","2025-03-22","CUST-0248","PROD-0027","5","0.00","353.50","154.40","First Class"
"1071","ORD-00704","2025-06-29","2025-07-04","CUST-0220","PROD-0009","4","0.00","1833.84","791.96","First Class"
"1072","ORD-01071","2025-05-27","2025-05-31","CUST-0086","PROD-0020","1","0.05","50.47","19.91","Same Day"
"1073","ORD-02131","2025-12-12","2025-12-18","CUST-0035","PROD-0012","10","0.15","2350.84","552.54","First Class"
"1074","ORD-01270","2024-07-18","2024-07-21","CUST-0240","PROD-0010","8","0.10","1317.53","248.01","First Class"
"1075","ORD-06196","2024-02-08","2024-02-10","CUST-0160","PROD-0023","12","0.00","78.36","22.68","Second Class"
"1076","ORD-00558","2024-08-21","2024-08-26","CUST-0246","PROD-0031","9","0.00","1587.51","430.20","Standard Class"
"1077","ORD-03755","2025-03-19","2025-03-23","CUST-0232","PROD-0040","8","0.00","718.80","201.52","Second Class"
"1078","ORD-00447","2024-12-08","2024-12-15","CUST-0227","PROD-0008","1","0.00","147.23","60.71","Standard Class"
"1079","ORD-01933","2023-09-11","2023-09-13","CUST-0082","PROD-0021","4","0.00","278.76","72.56","Standard Class"
"1080","ORD-06163","2024-10-23","2024-10-30","CUST-0050","PROD-0009","8","0.00","3667.68","1583.92","Second Class"
"1081","ORD-00982","2025-06-29","2025-07-05","CUST-0195","PROD-0020","4","0.00","212.52","90.28","Standard Class"
"1082","ORD-01515","2025-10-13","2025-10-19","CUST-0203","PROD-0038","1","0.00","166.10","41.29","First Class"
"1083","ORD-00330","2025-07-09","2025-07-10","CUST-0220","PROD-0003","7","0.00","1006.32","333.69","Standard Class"
"1084","ORD-06012","2025-03-12","2025-03-15","CUST-0245","PROD-0036","11","0.10","4914.26","945.35","Second Class"
"1085","ORD-03277","2024-09-14","2024-09-20","CUST-0140","PROD-0007","3","0.00","1228.95","363.27","Standard Class"
"1086","ORD-04082","2025-09-14","2025-09-18","CUST-0191","PROD-0033","2","0.05","1501.02","522.54","Standard Class"
"1087","ORD-02014","2025-02-03","2025-02-05","CUST-0248","PROD-0032","4","0.15","608.50","107.82","Second Class"
"1088","ORD-00768","2025-10-18","2025-10-24","CUST-0098","PROD-0015","12","0.00","1069.32","360.36","Standard Class"
"1089","ORD-05137","2023-09-08","2023-09-11","CUST-0131","PROD-0039","4","0.00","2576.64","903.96","First Class"
"1090","ORD-00930","2025-08-21","2025-08-24","CUST-0113","PROD-0026","5","0.00","386.45","166.25","Standard Class"
"1091","ORD-02202","2024-06-23","2024-06-25","CUST-0167","PROD-0011","5","0.00","2250.50","539.60","Standard Class"
"1092","ORD-00655","2025-08-15","2025-08-21","CUST-0042","PROD-0019","5","0.00","517.90","227.75","Standard Class"
"1093","ORD-06334","2025-07-04","2025-07-08","CUST-0078","PROD-0035","7","0.15","2489.72","489.82","Standard Class"
"1094","ORD-00752","2024-08-26","2024-08-27","CUST-0154","PROD-0028","2","0.00","46.38","15.12","Standard Class"
"1095","ORD-05839","2025-07-18","2025-07-19","CUST-0077","PROD-0005","7","0.00","1826.72","701.61","Standard Class"
"1096","ORD-05485","2023-03-31","2023-04-04","CUST-0157","PROD-0026","9","0.05","660.83","264.47","Standard Class"
"1097","ORD-01455","2024-08-24","2024-08-25","CUST-0197","PROD-0001","8","0.00","3659.04","1426.08","Standard Class"
"1098","ORD-03480","2023-06-06","2023-06-11","CUST-0217","PROD-0005","7","0.20","1461.38","336.27","First Class"
"1099","ORD-05585","2023-06-07","2023-06-09","CUST-0017","PROD-0027","2","0.00","141.40","61.76","Standard Class"
"1100","ORD-05360","2025-09-18","2025-09-20","CUST-0045","PROD-0027","7","0.00","494.90","216.16","Standard Class"
"1101","ORD-04719","2025-01-27","2025-02-02","CUST-0094","PROD-0029","3","0.05","132.87","42.93","Second Class"
"1102","ORD-01929","2024-04-25","2024-05-01","CUST-0082","PROD-0001","6","0.00","2744.28","1069.56","Standard Class"
"1103","ORD-01984","2025-01-20","2025-01-24","CUST-0037","PROD-0023","1","0.00","6.53","1.89","Second Class"
"1104","ORD-01945","2025-02-09","2025-02-12","CUST-0223","PROD-0004","1","0.00","582.19","258.60","First Class"
"1105","ORD-00025","2024-07-08","2024-07-15","CUST-0008","PROD-0039","4","0.10","2318.98","646.30","Standard Class"
"1106","ORD-05052","2024-01-09","2024-01-14","CUST-0215","PROD-0006","2","0.10","1273.39","473.45","Standard Class"
"1107","ORD-03010","2023-07-09","2023-07-13","CUST-0220","PROD-0016","8","0.15","246.84","53.88","Standard Class"
"1108","ORD-04418","2023-05-25","2023-05-26","CUST-0149","PROD-0004","7","0.05","3871.56","1606.43","Standard Class"
"1109","ORD-00299","2025-11-22","2025-11-28","CUST-0189","PROD-0012","11","0.00","3042.27","1064.14","Standard Class"
"1110","ORD-05329","2025-03-29","2025-04-02","CUST-0105","PROD-0007","12","0.15","4178.43","715.71","Second Class"
"1111","ORD-02000","2024-03-10","2024-03-13","CUST-0248","PROD-0007","5","0.05","1945.84","503.04","Standard Class"
"1112","ORD-01031","2025-05-18","2025-05-21","CUST-0205","PROD-0019","3","0.00","310.74","136.65","First Class"
"1113","ORD-00193","2023-11-01","2023-11-04","CUST-0144","PROD-0008","5","0.10","662.53","229.93","Standard Class"
"1114","ORD-02150","2025-11-23","2025-11-25","CUST-0134","PROD-0021","9","0.05","595.85","131.90","First Class"
"1115","ORD-05709","2024-02-24","2024-02-28","CUST-0226","PROD-0011","7","0.05","2993.16","597.90","Same Day"
"1116","ORD-02079","2024-03-03","2024-03-04","CUST-0096","PROD-0010","4","0.05","695.36","160.60","Second Class"
"1117","ORD-01728","2024-01-15","2024-01-16","CUST-0077","PROD-0023","1","0.00","6.53","1.89","Second Class"
"1118","ORD-04319","2024-01-03","2024-01-10","CUST-0178","PROD-0017","3","0.00","280.77","131.16","Standard Class"
"1119","ORD-06060","2025-08-27","2025-08-31","CUST-0082","PROD-0031","8","0.10","1270.01","241.29","Standard Class"
"1120","ORD-03664","2025-10-13","2025-10-17","CUST-0248","PROD-0028","4","0.05","88.12","25.60","Second Class"
"1121","ORD-01278","2025-01-21","2025-01-25","CUST-0200","PROD-0032","12","0.00","2147.64","645.60","First Class"
"1122","ORD-06377","2025-01-23","2025-01-28","CUST-0077","PROD-0037","11","0.00","7985.34","3129.39","Standard Class"
"1123","ORD-00040","2023-10-10","2023-10-13","CUST-0201","PROD-0017","10","0.05","889.11","390.41","Second Class"
"1124","ORD-00904","2024-04-26","2024-04-29","CUST-0136","PROD-0020","8","0.00","425.04","180.56","Standard Class"
"1125","ORD-04256","2025-01-25","2025-01-28","CUST-0128","PROD-0022","5","0.00","140.80","56.30","First Class"
"1126","ORD-02234","2023-06-03","2023-06-09","CUST-0229","PROD-0010","12","0.00","2195.88","591.60","First Class"
"1127","ORD-02415","2025-10-05","2025-10-09","CUST-0023","PROD-0037","10","0.05","6896.43","2481.93","Standard Class"
"1128","ORD-00031","2024-03-26","2024-03-29","CUST-0203","PROD-0027","9","0.00","636.30","277.92","Standard Class"
"1129","ORD-00805","2025-07-02","2025-07-07","CUST-0240","PROD-0031","1","0.00","176.39","47.80","Standard Class"
"1130","ORD-03951","2025-01-02","2025-01-04","CUST-0244","PROD-0017","10","0.05","889.11","390.41","Standard Class"
"1131","ORD-04653","2025-04-15","2025-04-16","CUST-0213","PROD-0036","3","0.05","1414.71","332.28","Standard Class"
"1132","ORD-01181","2025-11-30","2025-12-02","CUST-0020","PROD-0033","11","0.00","8690.11","3308.47","Standard Class"
"1133","ORD-06068","2025-10-18","2025-10-22","CUST-0215","PROD-0026","5","0.20","309.16","88.96","Same Day"
"1134","ORD-02143","2023-12-31","2024-01-02","CUST-0007","PROD-0024","5","0.15","376.63","134.23","Standard Class"
"1135","ORD-05516","2023-09-05","2023-09-09","CUST-0070","PROD-0029","7","0.00","326.34","116.48","Second Class"
"1136","ORD-05011","2025-07-17","2025-07-20","CUST-0118","PROD-0021","9","0.00","627.21","163.26","Standard Class"
"1137","ORD-03025","2023-12-28","2024-01-01","CUST-0088","PROD-0001","4","0.00","1829.52","713.04","Second Class"
"1138","ORD-02237","2024-01-11","2024-01-17","CUST-0168","PROD-0040","1","0.00","89.85","25.19","Second Class"
"1139","ORD-00940","2025-02-02","2025-02-09","CUST-0038","PROD-0012","12","0.00","3318.84","1160.88","Standard Class"
"1140","ORD-06146","2024-03-21","2024-03-23","CUST-0046","PROD-0022","2","0.15","47.87","14.07","First Class"
"1141","ORD-04703","2025-05-05","2025-05-09","CUST-0175","PROD-0021","11","0.15","651.60","84.55","Standard Class"
"1142","ORD-04480","2024-02-26","2024-02-28","CUST-0122","PROD-0024","11","0.15","828.60","295.32","Standard Class"
"1143","ORD-02552","2024-07-05","2024-07-09","CUST-0049","PROD-0040","3","0.00","269.55","75.57","Same Day"
"1144","ORD-00200","2024-06-20","2024-06-27","CUST-0095","PROD-0030","9","0.00","4782.24","1512.45","First Class"
"1145","ORD-00893","2023-05-04","2023-05-09","CUST-0014","PROD-0016","3","0.15","92.56","20.20","First Class"
"1146","ORD-00842","2025-10-22","2025-10-28","CUST-0097","PROD-0023","3","0.00","19.59","5.67","Standard Class"
"1147","ORD-04222","2023-10-12","2023-10-18","CUST-0075","PROD-0026","4","0.00","309.16","133.00","First Class"
"1148","ORD-05929","2024-03-19","2024-03-25","CUST-0148","PROD-0011","5","0.20","1800.40","89.50","Standard Class"
"1149","ORD-00579","2023-10-16","2023-10-19","CUST-0108","PROD-0022","5","0.05","133.76","49.26","Standard Class"
"1150","ORD-05800","2024-12-03","2024-12-06","CUST-0165","PROD-0027","5","0.00","353.50","154.40","Standard Class"
"1151","ORD-04752","2025-03-17","2025-03-18","CUST-0098","PROD-0014","10","0.05","1776.12","650.02","Second Class"
"1152","ORD-02244","2023-12-10","2023-12-17","CUST-0120","PROD-0037","12","0.00","8711.28","3413.88","First Class"
"1153","ORD-05469","2025-01-11","2025-01-18","CUST-0043","PROD-0024","11","0.15","828.60","295.32","Standard Class"
"1154","ORD-04764","2024-07-02","2024-07-07","CUST-0151","PROD-0030","9","0.00","4782.24","1512.45","First Class"
"1155","ORD-03009","2024-01-11","2024-01-13","CUST-0163","PROD-0010","7","0.00","1280.93","345.10","First Class"
"1156","ORD-03001","2024-07-28","2024-08-01","CUST-0001","PROD-0008","10","0.00","1472.30","607.10","Standard Class"
"1157","ORD-05233","2023-07-02","2023-07-08","CUST-0107","PROD-0007","5","0.00","2048.25","605.45","Second Class"
"1158","ORD-01140","2024-03-22","2024-03-28","CUST-0076","PROD-0027","9","0.15","540.86","182.48","Standard Class"
"1159","ORD-06395","2025-09-17","2025-09-22","CUST-0197","PROD-0036","11","0.05","5187.28","1218.37","Second Class"
"1160","ORD-00641","2025-01-12","2025-01-17","CUST-0128","PROD-0001","12","0.00","5488.56","2139.12","First Class"
"1161","ORD-03812","2023-11-19","2023-11-26","CUST-0072","PROD-0025","10","0.20","280.32","92.82","Standard Class"
"1162","ORD-03057","2025-07-07","2025-07-14","CUST-0120","PROD-0006","10","0.00","7074.40","3074.70","Second Class"
"1163","ORD-05552","2025-03-06","2025-03-11","CUST-0033","PROD-0009","9","0.00","4126.14","1781.91","Second Class"
"1164","ORD-01771","2025-10-30","2025-11-05","CUST-0057","PROD-0019","5","0.05","492.00","201.85","Standard Class"
"1165","ORD-04148","2024-02-20","2024-02-25","CUST-0144","PROD-0016","3","0.00","108.90","36.54","Standard Class"
"1166","ORD-04154","2024-04-02","2024-04-04","CUST-0079","PROD-0012","8","0.00","2212.56","773.92","Standard Class"
"1167","ORD-03122","2025-06-08","2025-06-11","CUST-0028","PROD-0035","4","0.00","1673.76","530.96","Standard Class"
"1168","ORD-05113","2025-04-14","2025-04-19","CUST-0153","PROD-0012","8","0.05","2101.93","663.29","First Class"
"1169","ORD-06444","2024-01-11","2024-01-16","CUST-0115","PROD-0017","1","0.00","93.59","43.72","Standard Class"
"1170","ORD-01601","2025-07-22","2025-07-26","CUST-0066","PROD-0025","5","0.00","175.20","81.45","Standard Class"
"1171","ORD-03690","2024-03-29","2024-04-01","CUST-0098","PROD-0026","8","0.00","618.32","266.00","First Class"
"1172","ORD-01901","2023-05-04","2023-05-10","CUST-0112","PROD-0001","10","0.00","4573.80","1782.60","Second Class"
"1173","ORD-04102","2023-09-10","2023-09-11","CUST-0119","PROD-0025","1","0.00","35.04","16.29","Standard Class"
"1174","ORD-04465","2024-07-21","2024-07-22","CUST-0196","PROD-0039","3","0.20","1545.98","291.47","Standard Class"
"1175","ORD-00892","2024-05-23","2024-05-25","CUST-0176","PROD-0024","12","0.15","903.92","322.16","Standard Class"
"1176","ORD-02378","2025-02-12","2025-02-19","CUST-0207","PROD-0040","8","0.20","575.04","57.76","Standard Class"
"1177","ORD-06210","2025-12-23","2025-12-28","CUST-0091","PROD-0031","6","0.05","1005.42","233.88","Standard Class"
"1178","ORD-04417","2025-06-21","2025-06-27","CUST-0170","PROD-0015","2","0.00","178.22","60.06","Second Class"
"1179","ORD-03047","2024-06-18","2024-06-24","CUST-0053","PROD-0024","5","0.10","398.79","156.39","Standard Class"
"1180","ORD-05076","2024-02-24","2024-03-02","CUST-0014","PROD-0034","10","0.05","1764.43","471.53","Standard Class"
"1181","ORD-04321","2024-04-11","2024-04-18","CUST-0180","PROD-0035","2","0.05","795.04","223.64","Second Class"
"1182","ORD-02703","2024-10-23","2024-10-24","CUST-0005","PROD-0008","6","0.05","839.21","320.09","Standard Class"
"1183","ORD-04853","2024-10-29","2024-11-03","CUST-0249","PROD-0034","11","0.00","2043.03","620.84","Standard Class"
"1184","ORD-02559","2024-09-03","2024-09-09","CUST-0115","PROD-0008","9","0.00","1325.07","546.39","Standard Class"
"1185","ORD-00562","2025-11-18","2025-11-22","CUST-0006","PROD-0001","3","0.05","1303.53","466.17","Second Class"
"1186","ORD-00928","2024-09-20","2024-09-25","CUST-0225","PROD-0016","9","0.00","326.70","109.62","Second Class"
"1187","ORD-00070","2025-03-07","2025-03-11","CUST-0010","PROD-0020","2","0.00","106.26","45.14","First Class"
"1188","ORD-02366","2023-10-11","2023-10-17","CUST-0135","PROD-0015","4","0.00","356.44","120.12","Standard Class"
"1189","ORD-04922","2025-06-27","2025-07-04","CUST-0016","PROD-0016","4","0.00","145.20","48.72","Standard Class"
"1190","ORD-00577","2024-06-28","2024-07-05","CUST-0067","PROD-0036","3","0.15","1265.79","183.36","First Class"
"1191","ORD-04083","2024-06-03","2024-06-04","CUST-0048","PROD-0008","5","0.00","736.15","303.55","First Class"
"1192","ORD-00520","2025-12-09","2025-12-14","CUST-0024","PROD-0022","10","0.15","239.36","70.36","Second Class"
"1193","ORD-04153","2024-11-25","2024-11-28","CUST-0229","PROD-0017","7","0.10","589.62","240.53","Same Day"
"1194","ORD-03737","2024-08-08","2024-08-11","CUST-0211","PROD-0040","4","0.00","359.40","100.76","Standard Class"
"1195","ORD-03048","2025-06-01","2025-06-08","CUST-0177","PROD-0005","3","0.00","782.88","300.69","Standard Class"
"1196","ORD-02644","2025-01-02","2025-01-05","CUST-0179","PROD-0025","6","0.10","189.22","76.72","First Class"
"1197","ORD-00296","2023-09-23","2023-09-26","CUST-0235","PROD-0037","10","0.05","6896.43","2481.93","Second Class"
"1198","ORD-03748","2024-06-20","2024-06-25","CUST-0019","PROD-0005","11","0.00","2870.56","1102.53","Standard Class"
"1199","ORD-02964","2025-03-10","2025-03-17","CUST-0022","PROD-0023","2","0.00","13.06","3.78","Standard Class"
"1200","ORD-03347","2025-06-23","2025-06-24","CUST-0064","PROD-0004","1","0.05","553.08","229.49","First Class"
"1201","ORD-03314","2024-10-07","2024-10-09","CUST-0224","PROD-0011","12","0.05","5131.14","1024.98","First Class"
"1202","ORD-01767","2024-03-17","2024-03-21","CUST-0020","PROD-0011","9","0.00","4050.90","971.28","Second Class"
"1203","ORD-01043","2024-06-05","2024-06-09","CUST-0122","PROD-0020","12","0.15","541.93","175.21","First Class"
"1204","ORD-06485","2023-12-20","2023-12-27","CUST-0191","PROD-0025","1","0.00","35.04","16.29","Standard Class"
"1205","ORD-03211","2024-01-11","2024-01-12","CUST-0240","PROD-0012","10","0.00","2765.70","967.40","Standard Class"
"1206","ORD-00314","2023-12-05","2023-12-10","CUST-0106","PROD-0003","4","0.10","517.54","133.18","Standard Class"
"1207","ORD-01914","2024-08-22","2024-08-23","CUST-0134","PROD-0017","4","0.05","355.64","156.16","Standard Class"
"1208","ORD-01225","2025-09-28","2025-09-29","CUST-0009","PROD-0028","7","0.00","162.33","52.92","First Class"
"1209","ORD-00559","2024-05-17","2024-05-23","CUST-0229","PROD-0017","12","0.00","1123.08","524.64","Standard Class"
"1210","ORD-01692","2025-06-20","2025-06-26","CUST-0177","PROD-0007","1","0.00","409.65","121.09","Standard Class"
"1211","ORD-01927","2025-04-13","2025-04-20","CUST-0083","PROD-0028","3","0.00","69.57","22.68","Standard Class"
"1212","ORD-05384","2025-06-02","2025-06-07","CUST-0237","PROD-0006","11","0.10","7003.66","2603.99","Standard Class"
"1213","ORD-03923","2024-07-05","2024-07-06","CUST-0149","PROD-0039","8","0.00","5153.28","1807.92","Standard Class"
"1214","ORD-01148","2025-04-10","2025-04-12","CUST-0215","PROD-0010","4","0.00","731.96","197.20","Same Day"
"1215","ORD-04034","2023-12-16","2023-12-20","CUST-0140","PROD-0039","11","0.00","7085.76","2485.89","Standard Class"
"1216","ORD-04999","2024-05-03","2024-05-08","CUST-0164","PROD-0017","5","0.15","397.76","148.41","First Class"
"1217","ORD-00935","2024-07-04","2024-07-07","CUST-0024","PROD-0017","12","0.05","1066.93","468.49","Second Class"
"1218","ORD-02050","2025-01-04","2025-01-06","CUST-0146","PROD-0006","9","0.00","6366.96","2767.23","Standard Class"
"1219","ORD-00003","2025-02-12","2025-02-15","CUST-0116","PROD-0029","10","0.20","372.96","73.16","Standard Class"
"1220","ORD-00464","2024-03-06","2024-03-10","CUST-0136","PROD-0016","8","0.20","232.32","39.36","Same Day"
"1221","ORD-00635","2025-06-24","2025-06-29","CUST-0075","PROD-0036","6","0.10","2680.51","515.65","Standard Class"
"1222","ORD-00663","2025-10-21","2025-10-24","CUST-0199","PROD-0013","8","0.00","4141.28","1670.88","Second Class"
"1223","ORD-04986","2024-05-12","2024-05-16","CUST-0168","PROD-0004","1","0.00","582.19","258.60","Second Class"
"1224","ORD-02103","2024-10-24","2024-10-29","CUST-0028","PROD-0005","8","0.00","2087.68","801.84","Standard Class"
"1225","ORD-04991","2025-06-01","2025-06-02","CUST-0197","PROD-0029","7","0.00","326.34","116.48","Second Class"
"1226","ORD-03462","2025-10-16","2025-10-18","CUST-0051","PROD-0006","10","0.05","6720.68","2720.98","First Class"
"1227","ORD-01705","2024-11-04","2024-11-09","CUST-0147","PROD-0019","5","0.05","492.00","201.85","First Class"
"1228","ORD-02082","2024-08-05","2024-08-06","CUST-0099","PROD-0032","7","0.00","1252.79","376.60","Standard Class"
"1229","ORD-01307","2025-01-25","2025-01-31","CUST-0128","PROD-0018","6","0.15","399.99","98.55","Standard Class"
"1230","ORD-05046","2024-01-22","2024-01-25","CUST-0028","PROD-0025","12","0.05","399.46","174.46","Standard Class"
"1231","ORD-05571","2023-11-25","2023-11-28","CUST-0176","PROD-0021","5","0.15","296.18","38.43","Standard Class"
"1232","ORD-00611","2025-06-25","2025-06-26","CUST-0228","PROD-0003","3","0.05","409.72","121.45","Standard Class"
"1233","ORD-02432","2025-12-11","2025-12-17","CUST-0031","PROD-0032","10","0.00","1789.70","538.00","Same Day"
"1234","ORD-01111","2024-08-16","2024-08-22","CUST-0033","PROD-0003","10","0.00","1437.60","476.70","Standard Class"
"1235","ORD-04932","2024-09-24","2024-09-26","CUST-0102","PROD-0015","6","0.10","481.19","126.71","Same Day"
"1236","ORD-02071","2025-11-29","2025-11-30","CUST-0047","PROD-0019","6","0.00","621.48","273.30","Second Class"
"1237","ORD-03637","2024-11-01","2024-11-04","CUST-0071","PROD-0022","1","0.05","26.75","9.85","Same Day"
"1238","ORD-02547","2025-05-16","2025-05-17","CUST-0065","PROD-0032","3","0.00","536.91","161.40","Standard Class"
"1239","ORD-02288","2024-09-21","2024-09-26","CUST-0163","PROD-0008","8","0.00","1177.84","485.68","Second Class"
"1240","ORD-05760","2024-06-23","2024-06-26","CUST-0225","PROD-0005","4","0.05","991.65","348.73","Second Class"
"1241","ORD-02382","2025-12-07","2025-12-14","CUST-0113","PROD-0008","3","0.00","441.69","182.13","Standard Class"
"1242","ORD-00757","2024-06-16","2024-06-21","CUST-0133","PROD-0015","3","0.05","253.96","76.72","Standard Class"
"1243","ORD-00059","2025-08-18","2025-08-21","CUST-0233","PROD-0019","12","0.00","1242.96","546.60","Standard Class"
"1244","ORD-05533","2025-03-02","2025-03-05","CUST-0214","PROD-0032","9","0.00","1610.73","484.20","Standard Class"
"1245","ORD-03966","2024-07-02","2024-07-08","CUST-0070","PROD-0035","9","0.10","3389.36","818.06","Second Class"
"1246","ORD-02658","2024-05-17","2024-05-21","CUST-0152","PROD-0004","3","0.00","1746.57","775.80","Standard Class"
"1247","ORD-01788","2025-06-22","2025-06-27","CUST-0207","PROD-0001","2","0.00","914.76","356.52","Standard Class"
"1248","ORD-04607","2025-03-03","2025-03-07","CUST-0234","PROD-0033","1","0.05","750.51","261.27","Second Class"
"1249","ORD-03243","2024-05-29","2024-06-03","CUST-0007","PROD-0032","5","0.20","715.88","90.03","First Class"
"1250","ORD-02363","2025-06-01","2025-06-03","CUST-0080","PROD-0014","3","0.00","560.88","223.05","Second Class"
"1251","ORD-05850","2025-04-18","2025-04-24","CUST-0125","PROD-0015","8","0.00","712.88","240.24","First Class"
"1252","ORD-04383","2024-04-07","2024-04-08","CUST-0148","PROD-0008","9","0.00","1325.07","546.39","Standard Class"
"1253","ORD-01511","2024-09-04","2024-09-11","CUST-0054","PROD-0006","8","0.10","5093.57","1893.81","Second Class"
"1254","ORD-05695","2024-06-05","2024-06-12","CUST-0208","PROD-0030","4","0.05","2019.17","565.93","Standard Class"
"1255","ORD-03408","2024-02-19","2024-02-24","CUST-0028","PROD-0030","11","0.05","5552.71","1556.30","Standard Class"
"1256","ORD-00131","2025-07-28","2025-08-02","CUST-0158","PROD-0039","7","0.00","4509.12","1581.93","Standard Class"
"1257","ORD-00088","2025-07-23","2025-07-29","CUST-0028","PROD-0032","8","0.00","1431.76","430.40","Standard Class"
"1258","ORD-00427","2023-05-31","2023-06-04","CUST-0161","PROD-0010","10","0.05","1738.40","401.50","First Class"
"1259","ORD-01232","2023-07-28","2023-08-04","CUST-0012","PROD-0009","6","0.00","2750.76","1187.94","Second Class"
"1260","ORD-00959","2025-02-25","2025-03-01","CUST-0187","PROD-0032","3","0.15","456.37","80.86","Standard Class"
"1261","ORD-01136","2023-08-01","2023-08-05","CUST-0231","PROD-0019","10","0.00","1035.80","455.50","Second Class"
"1262","ORD-00098","2024-07-11","2024-07-18","CUST-0171","PROD-0028","12","0.00","278.28","90.72","Standard Class"
"1263","ORD-00214","2024-10-16","2024-10-19","CUST-0176","PROD-0026","8","0.00","618.32","266.00","Standard Class"
"1264","ORD-04658","2025-01-29","2025-02-03","CUST-0059","PROD-0007","12","0.00","4915.80","1453.08","Standard Class"
"1265","ORD-03874","2024-03-02","2024-03-03","CUST-0058","PROD-0011","11","0.00","4951.10","1187.12","First Class"
"1266","ORD-04935","2023-07-04","2023-07-05","CUST-0172","PROD-0038","2","0.05","315.59","65.97","Second Class"
"1267","ORD-00716","2025-05-16","2025-05-23","CUST-0134","PROD-0018","12","0.00","941.16","338.28","Standard Class"
"1268","ORD-03815","2024-12-13","2024-12-14","CUST-0054","PROD-0021","3","0.00","209.07","54.42","Second Class"
"1269","ORD-01428","2025-06-03","2025-06-07","CUST-0112","PROD-0012","1","0.15","235.08","55.25","Standard Class"
"1270","ORD-00122","2023-10-31","2023-11-06","CUST-0020","PROD-0033","2","0.00","1580.02","601.54","Standard Class"
"1271","ORD-02409","2023-07-30","2023-08-01","CUST-0239","PROD-0002","2","0.05","265.70","88.36","Standard Class"
"1272","ORD-02104","2025-11-14","2025-11-19","CUST-0053","PROD-0021","6","0.10","376.33","67.03","Second Class"
"1273","ORD-04982","2024-01-19","2024-01-21","CUST-0231","PROD-0001","3","0.10","1234.93","397.57","Standard Class"
"1274","ORD-05126","2025-07-27","2025-07-30","CUST-0243","PROD-0039","7","0.05","4283.66","1356.47","First Class"
"1275","ORD-01941","2025-08-05","2025-08-12","CUST-0218","PROD-0008","6","0.15","750.87","231.75","Standard Class"
"1276","ORD-01055","2024-06-29","2024-06-30","CUST-0182","PROD-0008","10","0.00","1472.30","607.10","Second Class"
"1277","ORD-06279","2024-07-20","2024-07-26","CUST-0187","PROD-0029","4","0.00","186.48","66.56","Standard Class"
"1278","ORD-04189","2025-11-04","2025-11-11","CUST-0211","PROD-0030","11","0.05","5552.71","1556.30","Standard Class"
"1279","ORD-01197","2025-01-16","2025-01-18","CUST-0236","PROD-0039","10","0.15","5475.36","1293.66","Standard Class"
"1280","ORD-06394","2025-07-31","2025-08-03","CUST-0040","PROD-0027","5","0.15","300.47","101.37","Standard Class"
"1281","ORD-02077","2024-05-16","2024-05-20","CUST-0181","PROD-0040","5","0.00","449.25","125.95","First Class"
"1282","ORD-03839","2025-06-27","2025-07-01","CUST-0177","PROD-0022","7","0.10","177.41","59.11","Standard Class"
"1283","ORD-02297","2024-12-30","2025-01-04","CUST-0188","PROD-0003","12","0.00","1725.12","572.04","Standard Class"
"1284","ORD-05565","2024-03-20","2024-03-27","CUST-0027","PROD-0006","3","0.05","2016.20","816.29","Same Day"
"1285","ORD-06048","2024-12-30","2025-01-03","CUST-0168","PROD-0030","12","0.00","6376.32","2016.60","Standard Class"
"1286","ORD-06297","2025-06-01","2025-06-07","CUST-0125","PROD-0006","11","0.15","6614.56","2214.89","Standard Class"
"1287","ORD-02871","2024-10-26","2024-11-01","CUST-0156","PROD-0037","12","0.00","8711.28","3413.88","Standard Class"
"1288","ORD-03188","2025-10-17","2025-10-21","CUST-0042","PROD-0001","2","0.00","914.76","356.52","Standard Class"
"1289","ORD-04472","2024-10-13","2024-10-18","CUST-0009","PROD-0038","9","0.00","1494.90","371.61","Standard Class"
"1290","ORD-02420","2024-03-01","2024-03-02","CUST-0100","PROD-0002","4","0.00","559.36","204.68","Standard Class"
"1291","ORD-02758","2024-06-26","2024-06-30","CUST-0059","PROD-0022","2","0.00","56.32","22.52","First Class"
"1292","ORD-06404","2025-10-22","2025-10-26","CUST-0085","PROD-0025","6","0.15","178.70","66.20","Standard Class"
"1293","ORD-00224","2024-11-05","2024-11-08","CUST-0168","PROD-0031","9","0.00","1587.51","430.20","Standard Class"
"1294","ORD-02806","2024-07-03","2024-07-05","CUST-0105","PROD-0011","10","0.00","4501.00","1079.20","Standard Class"
"1295","ORD-00006","2024-01-07","2024-01-09","CUST-0142","PROD-0005","1","0.00","260.96","100.23","Second Class"
"1296","ORD-02781","2024-02-27","2024-03-05","CUST-0176","PROD-0010","2","0.00","365.98","98.60","Standard Class"
"1297","ORD-04311","2025-12-06","2025-12-12","CUST-0232","PROD-0010","1","0.15","155.54","21.85","Standard Class"
"1298","ORD-04175","2025-03-31","2025-04-02","CUST-0220","PROD-0028","5","0.00","115.95","37.80","Second Class"
"1299","ORD-05745","2023-11-30","2023-12-03","CUST-0230","PROD-0020","7","0.00","371.91","157.99","Standard Class"
"1300","ORD-00997","2025-09-12","2025-09-17","CUST-0197","PROD-0023","10","0.00","65.30","18.90","Standard Class"
"1301","ORD-05128","2024-08-27","2024-09-02","CUST-0054","PROD-0024","5","0.00","443.10","200.70","Standard Class"
"1302","ORD-00856","2023-09-10","2023-09-14","CUST-0214","PROD-0006","11","0.00","7781.84","3382.17","Standard Class"
"1303","ORD-03488","2023-07-01","2023-07-03","CUST-0212","PROD-0035","9","0.15","3201.07","629.77","Second Class"
"1304","ORD-01017","2025-08-12","2025-08-14","CUST-0093","PROD-0027","5","0.20","282.80","83.70","Second Class"
"1305","ORD-01430","2025-04-22","2025-04-29","CUST-0047","PROD-0017","2","0.00","187.18","87.44","Same Day"
"1306","ORD-04312","2025-01-20","2025-01-21","CUST-0115","PROD-0015","1","0.05","84.65","25.57","Standard Class"
"1307","ORD-00647","2025-11-22","2025-11-29","CUST-0132","PROD-0020","12","0.00","637.56","270.84","Standard Class"
"1308","ORD-00776","2025-08-28","2025-09-04","CUST-0158","PROD-0001","9","0.20","3293.14","781.06","First Class"
"1309","ORD-04297","2023-08-19","2023-08-21","CUST-0194","PROD-0016","3","0.00","108.90","36.54","Standard Class"
"1310","ORD-01598","2023-08-23","2023-08-28","CUST-0113","PROD-0028","10","0.10","208.71","52.41","Second Class"
"1311","ORD-02334","2025-09-08","2025-09-14","CUST-0161","PROD-0031","2","0.20","282.22","25.04","Standard Class"
"1312","ORD-06393","2024-12-19","2024-12-25","CUST-0187","PROD-0002","8","0.00","1118.72","409.36","First Class"
"1313","ORD-00048","2025-06-29","2025-07-04","CUST-0062","PROD-0032","3","0.00","536.91","161.40","Second Class"
"1314","ORD-00924","2024-06-26","2024-06-28","CUST-0084","PROD-0030","7","0.00","3719.52","1176.35","Standard Class"
"1315","ORD-03931","2024-06-18","2024-06-25","CUST-0149","PROD-0035","9","0.00","3765.96","1194.66","Standard Class"
"1316","ORD-05845","2025-08-20","2025-08-23","CUST-0072","PROD-0029","9","0.00","419.58","149.76","Standard Class"
"1317","ORD-02669","2025-04-07","2025-04-11","CUST-0123","PROD-0024","5","0.10","398.79","156.39","Standard Class"
"1318","ORD-06106","2025-01-12","2025-01-15","CUST-0019","PROD-0035","7","0.05","2782.63","782.73","First Class"
"1319","ORD-03602","2024-09-09","2024-09-10","CUST-0100","PROD-0005","1","0.00","260.96","100.23","Standard Class"
"1320","ORD-05834","2024-09-05","2024-09-08","CUST-0121","PROD-0039","1","0.00","644.16","225.99","Standard Class"
"1321","ORD-05829","2025-03-14","2025-03-19","CUST-0116","PROD-0003","6","0.00","862.56","286.02","Standard Class"
"1322","ORD-04160","2025-10-03","2025-10-07","CUST-0118","PROD-0012","8","0.20","1770.05","331.41","Standard Class"
"1323","ORD-01195","2024-08-23","2024-08-24","CUST-0132","PROD-0038","8","0.00","1328.80","330.32","Standard Class"
"1324","ORD-02945","2023-11-07","2023-11-08","CUST-0194","PROD-0030","5","0.00","2656.80","840.25","Standard Class"
"1325","ORD-03430","2025-01-10","2025-01-11","CUST-0142","PROD-0010","5","0.00","914.95","246.50","Standard Class"
"1326","ORD-00170","2023-12-17","2023-12-20","CUST-0163","PROD-0025","5","0.10","157.68","63.93","Standard Class"
"1327","ORD-01316","2025-10-07","2025-10-08","CUST-0055","PROD-0038","9","0.10","1345.41","222.12","Standard Class"
"1328","ORD-06003","2025-09-03","2025-09-09","CUST-0130","PROD-0015","8","0.00","712.88","240.24","Second Class"
"1329","ORD-00223","2024-09-04","2024-09-05","CUST-0091","PROD-0004","5","0.00","2910.95","1293.00","First Class"
"1330","ORD-06437","2024-09-25","2024-10-01","CUST-0218","PROD-0036","6","0.00","2978.34","813.48","First Class"
"1331","ORD-05479","2024-07-08","2024-07-11","CUST-0182","PROD-0030","2","0.20","850.18","123.56","Standard Class"
"1332","ORD-03121","2024-12-10","2024-12-17","CUST-0207","PROD-0008","9","0.05","1258.82","480.14","Standard Class"
"1333","ORD-06400","2025-09-24","2025-10-01","CUST-0193","PROD-0032","4","0.10","644.29","143.61","Standard Class"
"1334","ORD-02117","2023-04-30","2023-05-03","CUST-0114","PROD-0027","2","0.00","141.40","61.76","Standard Class"
"1335","ORD-03370","2025-12-26","2026-01-02","CUST-0007","PROD-0005","2","0.00","521.92","200.46","Standard Class"
"1336","ORD-06176","2024-10-20","2024-10-22","CUST-0192","PROD-0015","3","0.10","240.60","63.36","Second Class"
"1337","ORD-02596","2024-06-27","2024-07-02","CUST-0042","PROD-0010","6","0.00","1097.94","295.80","Second Class"
"1338","ORD-00530","2024-10-13","2024-10-20","CUST-0068","PROD-0015","5","0.05","423.27","127.87","Standard Class"
"1339","ORD-00765","2024-07-01","2024-07-04","CUST-0209","PROD-0037","12","0.00","8711.28","3413.88","Standard Class"
"1340","ORD-00603","2025-02-13","2025-02-20","CUST-0200","PROD-0017","9","0.20","673.85","225.02","Standard Class"
"1341","ORD-04069","2023-11-29","2023-12-03","CUST-0239","PROD-0037","4","0.00","2903.76","1137.96","Standard Class"
"1342","ORD-04195","2024-07-23","2024-07-25","CUST-0087","PROD-0034","12","0.00","2228.76","677.28","Standard Class"
"1343","ORD-00191","2024-11-05","2024-11-09","CUST-0136","PROD-0024","6","0.05","505.13","214.25","Standard Class"
"1344","ORD-04037","2025-11-13","2025-11-18","CUST-0229","PROD-0007","12","0.00","4915.80","1453.08","First Class"
"1345","ORD-01687","2024-06-05","2024-06-08","CUST-0023","PROD-0036","1","0.00","496.39","135.58","Standard Class"
"1346","ORD-04367","2023-06-07","2023-06-10","CUST-0198","PROD-0035","12","0.00","5021.28","1592.88","First Class"
"1347","ORD-02844","2025-02-20","2025-02-24","CUST-0130","PROD-0040","8","0.05","682.86","165.58","Standard Class"
"1348","ORD-01089","2024-12-16","2024-12-17","CUST-0086","PROD-0005","5","0.00","1304.80","501.15","Standard Class"
"1349","ORD-04842","2023-07-08","2023-07-15","CUST-0136","PROD-0036","7","0.15","2953.52","427.85","First Class"
"1350","ORD-04337","2025-06-17","2025-06-24","CUST-0024","PROD-0011","3","0.00","1350.30","323.76","Standard Class"
"1351","ORD-00033","2025-01-28","2025-02-01","CUST-0222","PROD-0010","9","0.00","1646.91","443.70","Standard Class"
"1352","ORD-04897","2024-08-31","2024-09-05","CUST-0173","PROD-0036","4","0.00","1985.56","542.32","Standard Class"
"1353","ORD-02047","2025-10-30","2025-11-03","CUST-0246","PROD-0034","4","0.10","668.63","151.47","Standard Class"
"1354","ORD-03638","2025-05-25","2025-05-31","CUST-0036","PROD-0011","8","0.00","3600.80","863.36","Standard Class"
"1355","ORD-05788","2024-11-14","2024-11-15","CUST-0143","PROD-0031","10","0.10","1587.51","301.61","First Class"
"1356","ORD-02232","2025-09-09","2025-09-13","CUST-0156","PROD-0030","3","0.00","1594.08","504.15","First Class"
"1357","ORD-04377","2025-07-08","2025-07-13","CUST-0097","PROD-0006","8","0.10","5093.57","1893.81","Same Day"
"1358","ORD-06486","2025-04-15","2025-04-22","CUST-0215","PROD-0034","10","0.00","1857.30","564.40","Standard Class"
"1359","ORD-02319","2025-11-18","2025-11-19","CUST-0173","PROD-0030","3","0.05","1514.38","424.45","Standard Class"
"1360","ORD-00092","2024-07-06","2024-07-12","CUST-0225","PROD-0036","4","0.00","1985.56","542.32","First Class"
"1361","ORD-06500","2024-07-03","2024-07-04","CUST-0231","PROD-0034","9","0.00","1671.57","507.96","Standard Class"
"1362","ORD-02098","2025-10-06","2025-10-09","CUST-0202","PROD-0018","8","0.00","627.44","225.52","Second Class"
"1363","ORD-00019","2024-08-09","2024-08-12","CUST-0027","PROD-0011","7","0.05","2993.16","597.90","Standard Class"
"1364","ORD-06288","2023-11-03","2023-11-06","CUST-0182","PROD-0008","3","0.05","419.61","160.05","Standard Class"
"1365","ORD-00043","2025-10-25","2025-10-27","CUST-0162","PROD-0019","12","0.00","1242.96","546.60","Same Day"
"1366","ORD-00912","2023-10-09","2023-10-11","CUST-0080","PROD-0034","7","0.20","1040.09","135.06","Same Day"
"1367","ORD-00269","2025-05-04","2025-05-08","CUST-0099","PROD-0016","5","0.20","145.20","24.60","Standard Class"
"1368","ORD-06442","2024-08-01","2024-08-08","CUST-0055","PROD-0031","11","0.00","1940.29","525.80","First Class"
"1369","ORD-02251","2024-01-09","2024-01-12","CUST-0179","PROD-0029","2","0.00","93.24","33.28","Standard Class"
"1370","ORD-02412","2025-12-07","2025-12-14","CUST-0130","PROD-0021","9","0.00","627.21","163.26","Standard Class"
"1371","ORD-05851","2025-05-23","2025-05-30","CUST-0153","PROD-0013","4","0.10","1863.58","628.38","First Class"
"1372","ORD-01460","2023-12-24","2023-12-31","CUST-0102","PROD-0008","5","0.05","699.34","266.74","Standard Class"
"1373","ORD-02778","2025-05-05","2025-05-09","CUST-0071","PROD-0037","9","0.05","6206.79","2233.74","Standard Class"
"1374","ORD-05785","2024-01-06","2024-01-09","CUST-0009","PROD-0009","9","0.10","3713.53","1369.30","Standard Class"
"1375","ORD-04894","2025-06-07","2025-06-14","CUST-0195","PROD-0009","9","0.10","3713.53","1369.30","Standard Class"
"1376","ORD-04589","2024-08-30","2024-09-06","CUST-0001","PROD-0026","5","0.20","309.16","88.96","Standard Class"
"1377","ORD-01077","2024-06-03","2024-06-07","CUST-0062","PROD-0032","2","0.10","322.15","71.81","Second Class"
"1378","ORD-06343","2024-09-14","2024-09-16","CUST-0066","PROD-0023","6","0.20","31.34","3.50","Standard Class"
"1379","ORD-05643","2025-08-21","2025-08-27","CUST-0045","PROD-0012","1","0.00","276.57","96.74","Same Day"
"1380","ORD-01241","2025-06-16","2025-06-21","CUST-0087","PROD-0011","5","0.00","2250.50","539.60","Standard Class"
"1381","ORD-00061","2024-03-19","2024-03-26","CUST-0043","PROD-0017","8","0.20","598.98","200.02","Standard Class"
"1382","ORD-04030","2025-03-29","2025-04-03","CUST-0097","PROD-0016","8","0.05","275.88","82.92","Standard Class"
"1383","ORD-00853","2025-01-05","2025-01-10","CUST-0026","PROD-0003","11","0.10","1423.22","366.23","Second Class"
"1384","ORD-03066","2025-07-18","2025-07-22","CUST-0114","PROD-0005","12","0.05","2974.94","1046.18","Standard Class"
"1385","ORD-01308","2024-05-11","2024-05-16","CUST-0225","PROD-0017","5","0.00","467.95","218.60","Standard Class"
"1386","ORD-03475","2024-11-16","2024-11-22","CUST-0241","PROD-0040","2","0.00","179.70","50.38","First Class"
"1387","ORD-01096","2023-02-09","2023-02-14","CUST-0184","PROD-0032","2","0.05","340.04","89.70","Second Class"
"1388","ORD-06333","2024-08-23","2024-08-29","CUST-0153","PROD-0010","12","0.05","2086.09","481.81","Standard Class"
"1389","ORD-01876","2024-10-01","2024-10-02","CUST-0149","PROD-0007","4","0.10","1474.74","320.50","Standard Class"
"1390","ORD-00717","2024-11-22","2024-11-28","CUST-0045","PROD-0025","7","0.00","245.28","114.03","Second Class"
"1391","ORD-01994","2023-12-08","2023-12-11","CUST-0011","PROD-0014","10","0.00","1869.60","743.50","Standard Class"
"1392","ORD-00337","2025-10-03","2025-10-09","CUST-0214","PROD-0025","9","0.00","315.36","146.61","Second Class"
"1393","ORD-02884","2024-11-21","2024-11-22","CUST-0130","PROD-0011","2","0.00","900.20","215.84","Second Class"
"1394","ORD-01586","2024-07-24","2024-07-26","CUST-0039","PROD-0025","11","0.00","385.44","179.19","First Class"
"1395","ORD-05023","2023-12-08","2023-12-12","CUST-0151","PROD-0023","6","0.00","39.18","11.34","Standard Class"
"1396","ORD-06238","2024-01-07","2024-01-10","CUST-0197","PROD-0004","12","0.10","6287.65","2404.57","Same Day"
"1397","ORD-03822","2025-05-19","2025-05-25","CUST-0178","PROD-0008","7","0.10","927.55","321.91","Standard Class"
"1398","ORD-03363","2025-05-05","2025-05-11","CUST-0137","PROD-0034","6","0.00","1114.38","338.64","Second Class"
"1399","ORD-00950","2023-04-18","2023-04-23","CUST-0180","PROD-0039","9","0.00","5797.44","2033.91","Standard Class"
"1400","ORD-05321","2025-06-03","2025-06-10","CUST-0226","PROD-0031","11","0.15","1649.25","234.76","Standard Class"
"1401","ORD-01354","2025-05-14","2025-05-15","CUST-0086","PROD-0001","11","0.10","4528.06","1457.74","Standard Class"
"1402","ORD-04115","2024-07-15","2024-07-19","CUST-0141","PROD-0034","4","0.10","668.63","151.47","Second Class"
"1403","ORD-03779","2023-10-27","2023-11-01","CUST-0021","PROD-0021","5","0.15","296.18","38.43","Second Class"
"1404","ORD-02578","2024-12-16","2024-12-20","CUST-0172","PROD-0017","11","0.05","978.02","429.45","First Class"
"1405","ORD-01854","2025-06-04","2025-06-05","CUST-0081","PROD-0024","11","0.00","974.82","441.54","Standard Class"
"1406","ORD-03702","2025-11-08","2025-11-11","CUST-0205","PROD-0030","5","0.10","2391.12","574.57","Second Class"
"1407","ORD-03598","2024-10-20","2024-10-21","CUST-0195","PROD-0019","2","0.00","207.16","91.10","Second Class"
"1408","ORD-04238","2024-06-10","2024-06-11","CUST-0059","PROD-0034","3","0.15","473.61","85.74","Standard Class"
"1409","ORD-02039","2025-09-19","2025-09-20","CUST-0250","PROD-0027","1","0.05","67.17","27.35","Standard Class"
"1410","ORD-04439","2025-03-10","2025-03-11","CUST-0105","PROD-0039","10","0.00","6441.60","2259.90","First Class"
"1411","ORD-04549","2024-02-23","2024-02-28","CUST-0184","PROD-0036","7","0.00","3474.73","949.06","Standard Class"
"1412","ORD-01650","2024-08-11","2024-08-13","CUST-0112","PROD-0015","5","0.00","445.55","150.15","Standard Class"
"1413","ORD-03608","2025-03-20","2025-03-21","CUST-0096","PROD-0015","1","0.00","89.11","30.03","Standard Class"
"1414","ORD-02530","2024-08-16","2024-08-18","CUST-0027","PROD-0039","12","0.00","7729.92","2711.88","Second Class"
"1415","ORD-05980","2023-02-10","2023-02-11","CUST-0097","PROD-0004","9","0.00","5239.71","2327.40","Standard Class"
"1416","ORD-05807","2023-05-08","2023-05-15","CUST-0162","PROD-0011","9","0.15","3443.26","363.64","Standard Class"
"1417","ORD-03029","2025-11-04","2025-11-07","CUST-0220","PROD-0022","8","0.10","202.75","67.55","Standard Class"
"1418","ORD-06371","2024-07-18","2024-07-20","CUST-0096","PROD-0002","3","0.00","419.52","153.51","Standard Class"
"1419","ORD-00261","2025-01-25","2025-01-26","CUST-0224","PROD-0019","1","0.00","103.58","45.55","Second Class"
"1420","ORD-01706","2024-07-25","2024-08-01","CUST-0044","PROD-0021","7","0.00","487.83","126.98","First Class"
"1421","ORD-04225","2024-11-18","2024-11-21","CUST-0128","PROD-0027","3","0.00","212.10","92.64","First Class"
"1422","ORD-03736","2024-04-05","2024-04-11","CUST-0048","PROD-0012","6","0.00","1659.42","580.44","Standard Class"
"1423","ORD-03791","2025-08-08","2025-08-12","CUST-0229","PROD-0037","3","0.00","2177.82","853.47","Standard Class"
"1424","ORD-00487","2024-12-17","2024-12-21","CUST-0023","PROD-0018","3","0.00","235.29","84.57","Second Class"
"1425","ORD-03784","2025-11-16","2025-11-21","CUST-0238","PROD-0039","4","0.10","2318.98","646.30","Standard Class"
"1426","ORD-02369","2025-05-19","2025-05-21","CUST-0146","PROD-0034","4","0.00","742.92","225.76","Second Class"
"1427","ORD-02017","2025-10-16","2025-10-17","CUST-0040","PROD-0039","9","0.00","5797.44","2033.91","Standard Class"
"1428","ORD-03871","2023-11-20","2023-11-25","CUST-0067","PROD-0040","1","0.05","85.36","20.70","Standard Class"
"1429","ORD-05013","2025-08-09","2025-08-10","CUST-0073","PROD-0029","8","0.10","335.66","95.82","Standard Class"
"1430","ORD-04803","2025-11-08","2025-11-11","CUST-0095","PROD-0011","8","0.10","3240.72","503.28","First Class"
"1431","ORD-02365","2024-12-08","2024-12-15","CUST-0234","PROD-0001","12","0.10","4939.70","1590.26","Second Class"
"1432","ORD-01536","2023-12-06","2023-12-09","CUST-0036","PROD-0010","10","0.05","1738.40","401.50","Second Class"
"1433","ORD-00397","2024-06-07","2024-06-14","CUST-0211","PROD-0003","12","0.00","1725.12","572.04","Standard Class"
"1434","ORD-00774","2025-06-20","2025-06-27","CUST-0059","PROD-0013","4","0.10","1863.58","628.38","Standard Class"
"1435","ORD-03595","2024-03-10","2024-03-12","CUST-0174","PROD-0040","5","0.10","404.32","81.02","Standard Class"
"1436","ORD-03242","2025-11-24","2025-11-25","CUST-0241","PROD-0033","9","0.10","6399.08","1995.92","Standard Class"
"1437","ORD-01016","2024-07-27","2024-07-29","CUST-0045","PROD-0031","4","0.05","670.28","155.92","First Class"
"1438","ORD-01763","2025-03-04","2025-03-05","CUST-0234","PROD-0028","8","0.00","185.52","60.48","First Class"
"1439","ORD-06239","2025-08-20","2025-08-22","CUST-0249","PROD-0002","10","0.05","1328.48","441.78","First Class"
"1440","ORD-01702","2023-02-26","2023-03-01","CUST-0205","PROD-0015","1","0.00","89.11","30.03","Same Day"
"1441","ORD-03911","2025-03-21","2025-03-28","CUST-0012","PROD-0028","11","0.10","229.58","57.65","First Class"
"1442","ORD-05783","2023-12-03","2023-12-05","CUST-0054","PROD-0020","2","0.00","106.26","45.14","First Class"
"1443","ORD-00348","2025-03-27","2025-04-03","CUST-0201","PROD-0021","7","0.00","487.83","126.98","Standard Class"
"1444","ORD-01280","2025-07-04","2025-07-07","CUST-0130","PROD-0005","7","0.05","1735.38","610.27","First Class"
"1445","ORD-03458","2024-07-07","2024-07-09","CUST-0027","PROD-0006","5","0.10","3183.48","1183.63","Standard Class"
"1446","ORD-02959","2025-01-16","2025-01-19","CUST-0239","PROD-0019","9","0.05","885.61","363.34","Second Class"
"1447","ORD-01732","2023-09-15","2023-09-20","CUST-0110","PROD-0012","5","0.00","1382.85","483.70","Standard Class"
"1448","ORD-00929","2024-02-04","2024-02-09","CUST-0143","PROD-0025","11","0.20","308.35","102.10","Standard Class"
"1449","ORD-00547","2024-05-28","2024-06-03","CUST-0061","PROD-0004","8","0.15","3958.89","1370.17","First Class"
"1450","ORD-00971","2024-04-11","2024-04-18","CUST-0097","PROD-0035","3","0.05","1192.55","335.45","Standard Class"
"1451","ORD-00831","2024-01-13","2024-01-19","CUST-0051","PROD-0030","2","0.00","1062.72","336.10","Same Day"
"1452","ORD-02256","2025-12-10","2025-12-15","CUST-0069","PROD-0006","4","0.00","2829.76","1229.88","Standard Class"
"1453","ORD-03957","2025-09-26","2025-10-02","CUST-0061","PROD-0014","11","0.05","1953.73","715.02","Standard Class"
"1454","ORD-03090","2024-07-03","2024-07-07","CUST-0133","PROD-0013","12","0.10","5590.73","1885.13","Standard Class"
"1455","ORD-04190","2024-09-06","2024-09-12","CUST-0192","PROD-0007","7","0.15","2437.42","417.50","Standard Class"
"1456","ORD-02744","2024-06-15","2024-06-22","CUST-0177","PROD-0029","1","0.20","37.30","7.32","Standard Class"
"1457","ORD-02926","2024-09-27","2024-09-29","CUST-0171","PROD-0021","4","0.00","278.76","72.56","Second Class"
"1458","ORD-04593","2025-08-15","2025-08-19","CUST-0245","PROD-0026","5","0.10","347.81","127.61","Standard Class"
"1459","ORD-00164","2024-03-04","2024-03-05","CUST-0078","PROD-0008","4","0.00","588.92","242.84","Second Class"
"1460","ORD-04879","2024-11-23","2024-11-27","CUST-0249","PROD-0007","3","0.00","1228.95","363.27","Standard Class"
"1461","ORD-05738","2025-12-03","2025-12-06","CUST-0046","PROD-0010","8","0.15","1244.33","174.81","Standard Class"
"1462","ORD-00187","2023-07-11","2023-07-12","CUST-0192","PROD-0011","3","0.10","1215.27","188.73","Second Class"
"1463","ORD-00156","2025-08-09","2025-08-14","CUST-0070","PROD-0029","3","0.10","125.87","35.93","Standard Class"
"1464","ORD-03073","2024-12-26","2025-01-02","CUST-0098","PROD-0008","9","0.05","1258.82","480.14","Second Class"
"1465","ORD-04320","2024-11-26","2024-12-02","CUST-0140","PROD-0016","5","0.05","172.42","51.82","Second Class"
"1466","ORD-04124","2024-09-24","2024-09-28","CUST-0141","PROD-0028","5","0.00","115.95","37.80","Standard Class"
"1467","ORD-00250","2024-06-02","2024-06-05","CUST-0075","PROD-0003","12","0.00","1725.12","572.04","First Class"
"1468","ORD-06262","2025-08-03","2025-08-07","CUST-0044","PROD-0037","8","0.00","5807.52","2275.92","Standard Class"
"1469","ORD-06020","2025-12-04","2025-12-05","CUST-0039","PROD-0003","7","0.00","1006.32","333.69","Standard Class"
"1470","ORD-01513","2025-10-13","2025-10-15","CUST-0133","PROD-0030","6","0.10","2869.34","689.48","Standard Class"
"1471","ORD-02087","2025-02-12","2025-02-19","CUST-0110","PROD-0004","2","0.05","1106.16","458.98","Same Day"
"1472","ORD-04512","2025-01-13","2025-01-16","CUST-0231","PROD-0025","12","0.00","420.48","195.48","Second Class"
"1473","ORD-00058","2025-03-04","2025-03-05","CUST-0080","PROD-0029","10","0.00","466.20","166.40","Standard Class"
"1474","ORD-00011","2025-10-24","2025-10-30","CUST-0079","PROD-0039","10","0.15","5475.36","1293.66","Standard Class"
"1475","ORD-02665","2024-01-18","2024-01-23","CUST-0089","PROD-0004","7","0.00","4075.33","1810.20","Second Class"
"1476","ORD-06014","2025-08-19","2025-08-21","CUST-0101","PROD-0021","3","0.00","209.07","54.42","Standard Class"
"1477","ORD-00169","2024-04-18","2024-04-23","CUST-0202","PROD-0033","1","0.00","790.01","300.77","Standard Class"
"1478","ORD-04056","2024-02-19","2024-02-23","CUST-0073","PROD-0031","1","0.10","158.75","30.16","Standard Class"
"1479","ORD-02108","2024-09-25","2024-09-26","CUST-0039","PROD-0038","2","0.05","315.59","65.97","First Class"
"1480","ORD-02842","2024-04-19","2024-04-20","CUST-0158","PROD-0025","9","0.10","283.82","115.07","Standard Class"
"1481","ORD-02121","2025-02-28","2025-03-03","CUST-0204","PROD-0019","6","0.00","621.48","273.30","Standard Class"
"1482","ORD-03432","2025-07-15","2025-07-21","CUST-0236","PROD-0026","7","0.15","459.88","151.60","Standard Class"
"1483","ORD-01935","2023-10-28","2023-11-01","CUST-0084","PROD-0038","4","0.05","631.18","131.94","Standard Class"
"1484","ORD-04692","2024-12-22","2024-12-29","CUST-0026","PROD-0033","3","0.10","2133.03","665.31","Standard Class"
"1485","ORD-04447","2023-11-26","2023-12-03","CUST-0224","PROD-0026","12","0.00","927.48","399.00","First Class"
"1486","ORD-00909","2024-01-18","2024-01-22","CUST-0157","PROD-0015","4","0.05","338.62","102.30","Standard Class"
"1487","ORD-05396","2024-04-01","2024-04-04","CUST-0067","PROD-0030","5","0.10","2391.12","574.57","Standard Class"
"1488","ORD-02417","2024-04-10","2024-04-16","CUST-0190","PROD-0010","6","0.00","1097.94","295.80","Second Class"
"1489","ORD-04619","2024-12-26","2024-12-28","CUST-0233","PROD-0009","8","0.00","3667.68","1583.92","Standard Class"
"1490","ORD-01538","2023-10-03","2023-10-08","CUST-0101","PROD-0005","7","0.00","1826.72","701.61","Standard Class"
"1491","ORD-06290","2025-12-02","2025-12-08","CUST-0036","PROD-0006","12","0.00","8489.28","3689.64","Second Class"
"1492","ORD-03063","2025-09-20","2025-09-23","CUST-0138","PROD-0006","5","0.00","3537.20","1537.35","Standard Class"
"1493","ORD-04965","2024-06-01","2024-06-05","CUST-0052","PROD-0032","6","0.05","1020.13","269.11","First Class"
"1494","ORD-00873","2023-08-05","2023-08-12","CUST-0060","PROD-0017","5","0.00","467.95","218.60","Standard Class"
"1495","ORD-04903","2025-01-16","2025-01-21","CUST-0201","PROD-0024","10","0.00","886.20","401.40","Second Class"
"1496","ORD-03866","2025-09-12","2025-09-13","CUST-0074","PROD-0008","6","0.15","750.87","231.75","Same Day"
"1497","ORD-05993","2024-09-23","2024-09-30","CUST-0150","PROD-0040","12","0.05","1024.29","248.37","Standard Class"
"1498","ORD-02700","2025-10-14","2025-10-20","CUST-0038","PROD-0029","7","0.05","310.02","100.16","Standard Class"
"1499","ORD-01805","2024-05-30","2024-06-02","CUST-0200","PROD-0010","3","0.00","548.97","147.90","Second Class"
"1500","ORD-05025","2025-09-07","2025-09-09","CUST-0152","PROD-0033","5","0.00","3950.05","1503.85","Standard Class"
"1501","ORD-01251","2025-03-30","2025-04-04","CUST-0197","PROD-0028","12","0.05","264.37","76.81","Standard Class"
"1502","ORD-00891","2025-11-03","2025-11-07","CUST-0160","PROD-0010","1","0.15","155.54","21.85","Standard Class"
"1503","ORD-01781","2024-07-18","2024-07-20","CUST-0210","PROD-0029","6","0.00","279.72","99.84","Standard Class"
"1504","ORD-00051","2025-01-29","2025-02-04","CUST-0151","PROD-0020","7","0.05","353.31","139.39","Standard Class"
"1505","ORD-03800","2025-02-28","2025-03-02","CUST-0153","PROD-0026","6","0.05","440.55","176.31","Second Class"
"1506","ORD-06214","2025-06-12","2025-06-15","CUST-0247","PROD-0015","9","0.10","721.79","190.07","Standard Class"
"1507","ORD-03307","2023-12-04","2023-12-08","CUST-0068","PROD-0036","10","0.10","4467.51","859.41","Second Class"
"1508","ORD-05435","2025-09-12","2025-09-14","CUST-0146","PROD-0025","1","0.00","35.04","16.29","Second Class"
"1509","ORD-04554","2025-09-11","2025-09-18","CUST-0208","PROD-0027","3","0.00","212.10","92.64","Standard Class"
"1510","ORD-05157","2025-06-02","2025-06-03","CUST-0047","PROD-0023","12","0.00","78.36","22.68","Standard Class"
"1511","ORD-00650","2025-12-21","2025-12-26","CUST-0246","PROD-0012","9","0.05","2364.67","746.20","Standard Class"
"1512","ORD-02053","2025-12-23","2025-12-26","CUST-0224","PROD-0011","2","0.00","900.20","215.84","Standard Class"
"1513","ORD-03919","2024-02-12","2024-02-19","CUST-0091","PROD-0037","2","0.00","1451.88","568.98","Standard Class"
"1514","ORD-00323","2025-11-07","2025-11-12","CUST-0096","PROD-0004","11","0.05","6083.89","2524.40","Second Class"
"1515","ORD-06113","2024-07-14","2024-07-17","CUST-0218","PROD-0022","9","0.10","228.10","76.00","First Class"
"1516","ORD-03176","2025-05-23","2025-05-29","CUST-0244","PROD-0029","7","0.05","310.02","100.16","Standard Class"
"1517","ORD-00522","2024-03-13","2024-03-17","CUST-0053","PROD-0013","12","0.05","5901.32","2195.72","First Class"
"1518","ORD-00941","2025-09-08","2025-09-11","CUST-0187","PROD-0029","11","0.00","512.82","183.04","First Class"
"1519","ORD-01482","2023-07-01","2023-07-05","CUST-0117","PROD-0025","7","0.15","208.49","77.24","Second Class"
"1520","ORD-05942","2024-12-28","2025-01-03","CUST-0010","PROD-0010","11","0.00","2012.89","542.30","Standard Class"
"1521","ORD-03330","2025-03-09","2025-03-10","CUST-0073","PROD-0012","2","0.00","553.14","193.48","Second Class"
"1522","ORD-04398","2024-09-29","2024-10-03","CUST-0166","PROD-0036","12","0.10","5361.01","1031.29","Standard Class"
"1523","ORD-00643","2025-06-11","2025-06-13","CUST-0178","PROD-0038","12","0.10","1793.88","296.16","Standard Class"
"1524","ORD-02623","2025-07-09","2025-07-16","CUST-0014","PROD-0022","2","0.00","56.32","22.52","First Class"
"1525","ORD-02231","2025-09-01","2025-09-08","CUST-0249","PROD-0037","1","0.15","617.05","175.60","First Class"
"1526","ORD-06047","2025-01-14","2025-01-19","CUST-0222","PROD-0004","3","0.15","1484.58","513.81","Standard Class"
"1527","ORD-03521","2024-12-04","2024-12-09","CUST-0011","PROD-0034","1","0.00","185.73","56.44","Standard Class"
"1528","ORD-04951","2025-03-14","2025-03-15","CUST-0123","PROD-0036","7","0.05","3300.99","775.32","Second Class"
"1529","ORD-03712","2024-08-29","2024-08-30","CUST-0217","PROD-0013","7","0.00","3623.62","1462.02","Standard Class"
"1530","ORD-00869","2023-12-25","2023-12-27","CUST-0005","PROD-0034","5","0.00","928.65","282.20","Same Day"
"1531","ORD-03393","2025-03-23","2025-03-28","CUST-0218","PROD-0005","7","0.15","1552.71","427.60","Standard Class"
"1532","ORD-00204","2025-01-07","2025-01-13","CUST-0225","PROD-0036","10","0.00","4963.90","1355.80","Same Day"
"1533","ORD-02429","2025-01-22","2025-01-26","CUST-0219","PROD-0014","1","0.00","186.96","74.35","Standard Class"
"1534","ORD-03616","2024-11-25","2024-11-30","CUST-0164","PROD-0035","7","0.00","2929.08","929.18","Standard Class"
"1535","ORD-03018","2023-07-27","2023-08-01","CUST-0243","PROD-0036","11","0.15","4641.25","672.34","Standard Class"
"1536","ORD-04350","2023-11-29","2023-11-30","CUST-0135","PROD-0023","1","0.05","6.20","1.56","Standard Class"
"1537","ORD-02657","2023-10-14","2023-10-20","CUST-0127","PROD-0039","3","0.00","1932.48","677.97","Second Class"
"1538","ORD-02976","2025-01-05","2025-01-10","CUST-0153","PROD-0034","2","0.05","352.89","94.31","Standard Class"
"1539","ORD-00082","2025-01-28","2025-01-30","CUST-0170","PROD-0002","1","0.00","139.84","51.17","Second Class"
"1540","ORD-03589","2024-03-10","2024-03-13","CUST-0185","PROD-0012","11","0.05","2890.16","912.03","Standard Class"
"1541","ORD-04307","2024-01-20","2024-01-25","CUST-0204","PROD-0007","3","0.00","1228.95","363.27","Standard Class"
"1542","ORD-05773","2025-09-23","2025-09-29","CUST-0115","PROD-0010","4","0.00","731.96","197.20","Standard Class"
"1543","ORD-02089","2024-12-27","2024-12-30","CUST-0146","PROD-0034","3","0.20","445.75","57.88","Standard Class"
"1544","ORD-04416","2025-08-22","2025-08-26","CUST-0129","PROD-0001","11","0.00","5031.18","1960.86","Second Class"
"1545","ORD-04892","2023-07-18","2023-07-19","CUST-0218","PROD-0005","5","0.00","1304.80","501.15","Standard Class"
"1546","ORD-00407","2025-06-28","2025-07-05","CUST-0213","PROD-0016","11","0.00","399.30","133.98","Standard Class"
"1547","ORD-04550","2025-09-18","2025-09-25","CUST-0055","PROD-0019","5","0.10","466.11","175.96","Standard Class"
"1548","ORD-02223","2024-04-02","2024-04-08","CUST-0126","PROD-0017","2","0.05","177.82","78.08","Standard Class"
"1549","ORD-04332","2025-05-04","2025-05-10","CUST-0221","PROD-0021","6","0.00","418.14","108.84","Standard Class"
"1550","ORD-03909","2025-12-09","2025-12-14","CUST-0220","PROD-0005","8","0.00","2087.68","801.84","First Class"
"1551","ORD-04127","2024-07-26","2024-07-27","CUST-0115","PROD-0006","9","0.15","5411.92","1812.19","Standard Class"
"1552","ORD-02008","2025-10-04","2025-10-09","CUST-0096","PROD-0009","9","0.15","3507.22","1162.99","First Class"
"1553","ORD-01328","2024-10-20","2024-10-22","CUST-0232","PROD-0039","6","0.05","3671.71","1162.69","First Class"
"1554","ORD-04805","2025-07-02","2025-07-07","CUST-0054","PROD-0036","12","0.05","5658.85","1329.13","First Class"
"1555","ORD-06496","2024-09-22","2024-09-28","CUST-0233","PROD-0013","11","0.00","5694.26","2297.46","First Class"
"1556","ORD-06086","2024-05-11","2024-05-17","CUST-0122","PROD-0018","8","0.05","596.07","194.15","Second Class"
"1557","ORD-00588","2024-07-15","2024-07-19","CUST-0248","PROD-0031","1","0.00","176.39","47.80","Standard Class"
"1558","ORD-04489","2024-06-05","2024-06-11","CUST-0012","PROD-0010","6","0.10","988.15","186.01","Second Class"
"1559","ORD-00844","2025-03-25","2025-03-30","CUST-0146","PROD-0012","6","0.00","1659.42","580.44","Standard Class"
"1560","ORD-02076","2024-01-16","2024-01-21","CUST-0082","PROD-0035","2","0.00","836.88","265.48","First Class"
"1561","ORD-02836","2024-12-27","2025-01-02","CUST-0024","PROD-0037","10","0.20","5807.52","1393.02","Standard Class"
"1562","ORD-03729","2025-03-01","2025-03-08","CUST-0181","PROD-0006","8","0.05","5376.54","2176.78","First Class"
"1563","ORD-01173","2025-12-13","2025-12-14","CUST-0077","PROD-0031","11","0.05","1843.28","428.79","Standard Class"
"1564","ORD-02300","2025-09-29","2025-10-04","CUST-0212","PROD-0034","8","0.00","1485.84","451.52","Standard Class"
"1565","ORD-01952","2025-02-26","2025-03-04","CUST-0214","PROD-0016","11","0.10","359.37","94.05","Standard Class"
"1566","ORD-00394","2024-06-09","2024-06-12","CUST-0075","PROD-0003","4","0.00","575.04","190.68","Standard Class"
"1567","ORD-05712","2025-09-11","2025-09-18","CUST-0022","PROD-0018","11","0.20","690.18","137.54","First Class"
"1568","ORD-06057","2025-04-12","2025-04-14","CUST-0210","PROD-0022","6","0.00","168.96","67.56","Standard Class"
"1569","ORD-04972","2025-02-06","2025-02-11","CUST-0193","PROD-0025","8","0.20","224.26","74.26","Standard Class"
"1570","ORD-01658","2024-10-14","2024-10-19","CUST-0038","PROD-0003","6","0.00","862.56","286.02","Same Day"
"1571","ORD-02109","2024-09-22","2024-09-29","CUST-0131","PROD-0033","10","0.10","7110.09","2217.69","First Class"
"1572","ORD-00104","2024-10-27","2024-10-30","CUST-0236","PROD-0022","1","0.00","28.16","11.26","Standard Class"
"1573","ORD-01962","2025-05-29","2025-05-30","CUST-0238","PROD-0036","6","0.00","2978.34","813.48","Standard Class"
"1574","ORD-03238","2023-12-28","2023-12-30","CUST-0176","PROD-0021","9","0.10","564.49","100.54","Second Class"
"1575","ORD-01458","2024-01-24","2024-01-26","CUST-0207","PROD-0015","8","0.20","570.30","97.66","Standard Class"
"1576","ORD-00213","2024-12-12","2024-12-18","CUST-0140","PROD-0019","5","0.00","517.90","227.75","First Class"
"1577","ORD-04702","2025-11-23","2025-11-24","CUST-0216","PROD-0014","6","0.00","1121.76","446.10","Second Class"
"1578","ORD-04289","2024-12-30","2025-01-02","CUST-0198","PROD-0005","5","0.15","1109.08","305.43","Standard Class"
"1579","ORD-03235","2025-12-23","2025-12-29","CUST-0163","PROD-0009","9","0.10","3713.53","1369.30","First Class"
"1580","ORD-05191","2025-03-08","2025-03-13","CUST-0026","PROD-0038","4","0.00","664.40","165.16","First Class"
"1581","ORD-05734","2025-09-13","2025-09-16","CUST-0143","PROD-0015","8","0.00","712.88","240.24","First Class"
"1582","ORD-05210","2023-10-22","2023-10-27","CUST-0193","PROD-0025","2","0.10","63.07","25.57","Second Class"
"1583","ORD-04629","2024-10-23","2024-10-24","CUST-0034","PROD-0001","7","0.00","3201.66","1247.82","First Class"
"1584","ORD-01592","2023-12-22","2023-12-23","CUST-0162","PROD-0001","8","0.00","3659.04","1426.08","Standard Class"
"1585","ORD-04178","2025-01-22","2025-01-25","CUST-0104","PROD-0026","1","0.00","77.29","33.25","Standard Class"
"1586","ORD-04055","2023-06-07","2023-06-12","CUST-0114","PROD-0023","4","0.10","23.51","4.95","Standard Class"
"1587","ORD-04551","2024-04-16","2024-04-23","CUST-0104","PROD-0011","3","0.05","1282.79","256.25","Second Class"
"1588","ORD-04711","2024-05-11","2024-05-16","CUST-0199","PROD-0035","2","0.10","753.19","181.79","Standard Class"
"1589","ORD-06386","2025-09-03","2025-09-05","CUST-0009","PROD-0004","12","0.15","5938.34","2055.26","Standard Class"
"1590","ORD-03728","2023-08-22","2023-08-27","CUST-0142","PROD-0015","11","0.05","931.20","281.32","Same Day"
"1591","ORD-05459","2025-03-01","2025-03-08","CUST-0085","PROD-0008","12","0.10","1590.08","551.84","First Class"
"1592","ORD-00784","2023-09-17","2023-09-22","CUST-0069","PROD-0031","6","0.00","1058.34","286.80","Standard Class"
"1593","ORD-00232","2025-03-28","2025-04-02","CUST-0036","PROD-0021","6","0.00","418.14","108.84","Same Day"
"1594","ORD-00149","2025-06-07","2025-06-12","CUST-0249","PROD-0029","5","0.10","209.79","59.89","Second Class"
"1595","ORD-01019","2025-07-07","2025-07-09","CUST-0125","PROD-0028","2","0.00","46.38","15.12","First Class"
"1596","ORD-02688","2025-06-01","2025-06-03","CUST-0201","PROD-0037","12","0.05","8275.72","2978.32","Standard Class"
"1597","ORD-03756","2023-10-29","2023-11-03","CUST-0104","PROD-0003","9","0.00","1293.84","429.03","Standard Class"
"1598","ORD-04517","2025-03-25","2025-03-26","CUST-0143","PROD-0031","10","0.00","1763.90","478.00","Same Day"
"1599","ORD-04239","2024-02-01","2024-02-06","CUST-0019","PROD-0020","6","0.10","286.90","103.54","Second Class"
"1600","ORD-00388","2023-07-18","2023-07-24","CUST-0048","PROD-0032","9","0.05","1530.19","403.66","Second Class"
"1601","ORD-05229","2024-02-07","2024-02-09","CUST-0043","PROD-0009","11","0.05","4790.91","1925.74","Second Class"
"1602","ORD-05542","2023-06-20","2023-06-27","CUST-0049","PROD-0039","7","0.00","4509.12","1581.93","Standard Class"
"1603","ORD-01852","2023-11-15","2023-11-18","CUST-0125","PROD-0003","5","0.00","718.80","238.35","First Class"
"1604","ORD-00087","2024-10-01","2024-10-02","CUST-0247","PROD-0002","8","0.10","1006.85","297.49","Standard Class"
"1605","ORD-02784","2023-10-31","2023-11-07","CUST-0175","PROD-0038","8","0.00","1328.80","330.32","Standard Class"
"1606","ORD-02952","2025-01-04","2025-01-11","CUST-0223","PROD-0020","10","0.05","504.74","199.14","Standard Class"
"1607","ORD-00272","2024-10-08","2024-10-14","CUST-0237","PROD-0020","2","0.05","100.95","39.83","First Class"
"1608","ORD-02542","2024-01-13","2024-01-15","CUST-0188","PROD-0013","10","0.10","4658.94","1570.94","Same Day"
"1609","ORD-03281","2025-07-02","2025-07-03","CUST-0119","PROD-0023","9","0.00","58.77","17.01","Standard Class"
"1610","ORD-05495","2025-03-30","2025-04-06","CUST-0002","PROD-0005","6","0.15","1330.90","366.52","Standard Class"
"1611","ORD-00141","2024-06-08","2024-06-14","CUST-0144","PROD-0025","6","0.10","189.22","76.72","Second Class"
"1612","ORD-05018","2024-11-02","2024-11-03","CUST-0109","PROD-0008","10","0.05","1398.68","533.48","First Class"
"1613","ORD-01557","2024-10-24","2024-10-29","CUST-0194","PROD-0007","6","0.00","2457.90","726.54","Standard Class"
"1614","ORD-00700","2025-08-24","2025-08-28","CUST-0207","PROD-0021","3","0.00","209.07","54.42","Standard Class"
"1615","ORD-00758","2025-01-24","2025-01-26","CUST-0168","PROD-0001","2","0.20","731.81","173.57","Second Class"
"1616","ORD-04286","2024-01-20","2024-01-24","CUST-0078","PROD-0001","12","0.00","5488.56","2139.12","Standard Class"
"1617","ORD-04835","2025-09-02","2025-09-09","CUST-0235","PROD-0027","8","0.05","537.32","218.76","Standard Class"
"1618","ORD-05428","2024-12-20","2024-12-25","CUST-0176","PROD-0006","12","0.10","7640.35","2840.71","Standard Class"
"1619","ORD-05747","2025-10-14","2025-10-21","CUST-0060","PROD-0033","1","0.15","671.51","182.27","Second Class"
"1620","ORD-02444","2025-01-06","2025-01-11","CUST-0096","PROD-0017","6","0.00","561.54","262.32","Standard Class"
"1621","ORD-02051","2024-04-04","2024-04-09","CUST-0060","PROD-0004","9","0.00","5239.71","2327.40","Standard Class"
"1622","ORD-05837","2024-04-22","2024-04-23","CUST-0064","PROD-0039","12","0.00","7729.92","2711.88","Second Class"
"1623","ORD-01172","2025-05-27","2025-05-29","CUST-0144","PROD-0030","1","0.10","478.22","114.91","Standard Class"
"1624","ORD-03320","2025-04-06","2025-04-08","CUST-0248","PROD-0008","7","0.00","1030.61","424.97","Standard Class"
"1625","ORD-05044","2023-04-13","2023-04-17","CUST-0178","PROD-0029","2","0.10","83.92","23.96","First Class"
"1626","ORD-04846","2024-06-01","2024-06-04","CUST-0078","PROD-0036","3","0.20","1191.34","108.91","Standard Class"
"1627","ORD-03727","2025-01-01","2025-01-02","CUST-0040","PROD-0026","6","0.05","440.55","176.31","Same Day"
"1628","ORD-01423","2025-05-15","2025-05-20","CUST-0050","PROD-0040","10","0.10","808.65","162.05","Same Day"
"1629","ORD-03983","2025-06-17","2025-06-20","CUST-0112","PROD-0012","11","0.00","3042.27","1064.14","Standard Class"
"1630","ORD-01401","2023-04-24","2023-04-30","CUST-0209","PROD-0037","3","0.10","1960.04","635.69","Standard Class"
"1631","ORD-02521","2024-04-20","2024-04-24","CUST-0071","PROD-0002","4","0.10","503.42","148.74","Same Day"
"1632","ORD-01080","2024-01-30","2024-02-03","CUST-0207","PROD-0034","11","0.15","1736.58","314.39","Standard Class"
"1633","ORD-03555","2023-03-28","2023-04-03","CUST-0021","PROD-0003","6","0.00","862.56","286.02","First Class"
"1634","ORD-03655","2025-09-08","2025-09-13","CUST-0221","PROD-0011","12","0.20","4320.96","214.80","Standard Class"
"1635","ORD-02845","2025-10-19","2025-10-24","CUST-0181","PROD-0005","12","0.05","2974.94","1046.18","Standard Class"
"1636","ORD-02422","2023-11-29","2023-12-06","CUST-0168","PROD-0013","10","0.15","4400.11","1312.11","First Class"
"1637","ORD-01996","2023-10-25","2023-10-28","CUST-0036","PROD-0023","9","0.05","55.83","14.07","Second Class"
"1638","ORD-03716","2025-02-20","2025-02-25","CUST-0090","PROD-0010","7","0.00","1280.93","345.10","Second Class"
"1639","ORD-03102","2025-04-03","2025-04-08","CUST-0095","PROD-0016","12","0.00","435.60","146.16","Standard Class"
"1640","ORD-00894","2025-07-18","2025-07-24","CUST-0004","PROD-0022","2","0.00","56.32","22.52","Standard Class"
"1641","ORD-03640","2024-09-28","2024-09-30","CUST-0215","PROD-0015","11","0.15","833.18","183.30","Standard Class"
"1642","ORD-03155","2025-06-06","2025-06-12","CUST-0114","PROD-0012","4","0.00","1106.28","386.96","First Class"
"1643","ORD-01913","2025-03-27","2025-03-31","CUST-0088","PROD-0023","10","0.05","62.03","15.63","Standard Class"
"1644","ORD-05247","2024-03-21","2024-03-27","CUST-0243","PROD-0026","1","0.10","69.56","25.52","Standard Class"
"1645","ORD-04185","2025-01-17","2025-01-18","CUST-0179","PROD-0013","10","0.00","5176.60","2088.60","First Class"
"1646","ORD-05613","2023-06-03","2023-06-06","CUST-0015","PROD-0037","2","0.00","1451.88","568.98","First Class"
"1647","ORD-06211","2025-03-09","2025-03-16","CUST-0007","PROD-0019","8","0.05","787.21","322.97","Standard Class"
"1648","ORD-06351","2024-12-19","2024-12-22","CUST-0060","PROD-0014","3","0.00","560.88","223.05","First Class"
"1649","ORD-01552","2025-05-30","2025-06-01","CUST-0107","PROD-0016","10","0.10","326.70","85.50","Standard Class"
"1650","ORD-03945","2023-08-02","2023-08-06","CUST-0234","PROD-0023","5","0.00","32.65","9.45","Standard Class"
"1651","ORD-02982","2024-12-09","2024-12-13","CUST-0190","PROD-0020","1","0.00","53.13","22.57","Standard Class"
"1652","ORD-06293","2023-07-17","2023-07-23","CUST-0228","PROD-0005","8","0.00","2087.68","801.84","Standard Class"
"1653","ORD-04578","2025-01-18","2025-01-22","CUST-0240","PROD-0030","10","0.15","4516.56","883.46","Second Class"
"1654","ORD-03401","2025-12-24","2025-12-29","CUST-0203","PROD-0011","11","0.00","4951.10","1187.12","First Class"
"1655","ORD-04452","2024-05-15","2024-05-18","CUST-0136","PROD-0027","10","0.00","707.00","308.80","Standard Class"
"1656","ORD-04872","2024-12-17","2024-12-19","CUST-0100","PROD-0026","11","0.00","850.19","365.75","Standard Class"
"1657","ORD-04980","2025-04-04","2025-04-10","CUST-0056","PROD-0017","5","0.15","397.76","148.41","Standard Class"
"1658","ORD-06213","2024-11-21","2024-11-22","CUST-0142","PROD-0039","2","0.00","1288.32","451.98","Standard Class"
"1659","ORD-01108","2023-10-30","2023-11-03","CUST-0121","PROD-0038","1","0.15","141.19","16.38","Standard Class"
"1660","ORD-01062","2025-05-04","2025-05-08","CUST-0052","PROD-0040","3","0.05","256.07","62.09","Standard Class"
"1661","ORD-06330","2025-10-18","2025-10-24","CUST-0188","PROD-0027","12","0.10","763.56","285.72","Second Class"
"1662","ORD-01714","2024-02-22","2024-02-23","CUST-0163","PROD-0006","12","0.00","8489.28","3689.64","Standard Class"
"1663","ORD-01944","2023-11-02","2023-11-09","CUST-0208","PROD-0024","9","0.20","638.06","201.74","First Class"
"1664","ORD-00229","2023-12-13","2023-12-18","CUST-0204","PROD-0022","6","0.10","152.06","50.66","Standard Class"
"1665","ORD-05362","2024-09-18","2024-09-22","CUST-0142","PROD-0039","8","0.00","5153.28","1807.92","Standard Class"
"1666","ORD-02120","2024-09-08","2024-09-14","CUST-0233","PROD-0027","10","0.05","671.65","273.45","Second Class"
"1667","ORD-02627","2025-03-21","2025-03-22","CUST-0042","PROD-0027","9","0.15","540.86","182.48","Standard Class"
"1668","ORD-01382","2023-06-20","2023-06-24","CUST-0236","PROD-0027","9","0.10","572.67","214.29","Standard Class"
"1669","ORD-03894","2024-03-24","2024-03-29","CUST-0051","PROD-0011","6","0.00","2700.60","647.52","Standard Class"
"1670","ORD-03465","2025-01-27","2025-01-29","CUST-0038","PROD-0008","1","0.00","147.23","60.71","Standard Class"
"1671","ORD-04192","2025-02-01","2025-02-04","CUST-0014","PROD-0033","2","0.05","1501.02","522.54","Standard Class"
"1672","ORD-01708","2025-08-10","2025-08-13","CUST-0152","PROD-0009","1","0.05","435.54","175.07","Second Class"
"1673","ORD-01523","2025-04-24","2025-04-26","CUST-0202","PROD-0018","2","0.00","156.86","56.38","Standard Class"
"1674","ORD-03917","2025-12-03","2025-12-09","CUST-0005","PROD-0010","7","0.00","1280.93","345.10","Second Class"
"1675","ORD-00317","2025-03-05","2025-03-08","CUST-0168","PROD-0022","8","0.20","180.22","45.02","Second Class"
"1676","ORD-06372","2025-06-21","2025-06-28","CUST-0194","PROD-0038","11","0.00","1827.10","454.19","Standard Class"
"1677","ORD-06066","2025-05-10","2025-05-14","CUST-0166","PROD-0034","1","0.00","185.73","56.44","Second Class"
"1678","ORD-01672","2025-01-21","2025-01-24","CUST-0015","PROD-0007","8","0.00","3277.20","968.72","Standard Class"
"1679","ORD-00738","2024-08-26","2024-08-29","CUST-0124","PROD-0025","10","0.10","315.36","127.86","First Class"
"1680","ORD-06408","2024-11-24","2024-11-27","CUST-0104","PROD-0033","10","0.00","7900.10","3007.70","Standard Class"
"1681","ORD-04220","2024-06-26","2024-06-28","CUST-0059","PROD-0003","2","0.00","287.52","95.34","Standard Class"
"1682","ORD-04712","2025-02-01","2025-02-06","CUST-0113","PROD-0029","8","0.00","372.96","133.12","First Class"
"1683","ORD-03182","2024-03-09","2024-03-11","CUST-0237","PROD-0004","10","0.05","5530.81","2294.91","Second Class"
"1684","ORD-00792","2024-05-06","2024-05-08","CUST-0042","PROD-0004","5","0.00","2910.95","1293.00","Second Class"
"1685","ORD-05737","2023-10-17","2023-10-19","CUST-0054","PROD-0004","4","0.00","2328.76","1034.40","Standard Class"
"1686","ORD-02163","2025-01-11","2025-01-17","CUST-0154","PROD-0027","4","0.00","282.80","123.52","Standard Class"
"1687","ORD-01989","2024-09-02","2024-09-03","CUST-0080","PROD-0013","10","0.00","5176.60","2088.60","Standard Class"
"1688","ORD-00799","2025-07-14","2025-07-19","CUST-0108","PROD-0040","7","0.10","566.05","113.43","Standard Class"
"1689","ORD-02869","2024-12-21","2024-12-27","CUST-0205","PROD-0032","7","0.05","1190.15","313.96","Second Class"
"1690","ORD-06043","2023-10-26","2023-11-01","CUST-0167","PROD-0013","4","0.10","1863.58","628.38","First Class"
"1691","ORD-01337","2025-07-19","2025-07-23","CUST-0106","PROD-0007","11","0.10","4055.53","881.37","First Class"
"1692","ORD-02944","2024-12-17","2024-12-21","CUST-0205","PROD-0003","12","0.05","1638.86","485.78","Standard Class"
"1693","ORD-01124","2025-03-25","2025-04-01","CUST-0198","PROD-0009","12","0.00","5501.52","2375.88","Second Class"
"1694","ORD-01342","2023-11-16","2023-11-18","CUST-0208","PROD-0012","3","0.00","829.71","290.22","Same Day"
"1695","ORD-03124","2025-09-24","2025-09-26","CUST-0044","PROD-0011","10","0.05","4275.95","854.15","Standard Class"
"1696","ORD-05091","2023-08-18","2023-08-23","CUST-0036","PROD-0028","4","0.00","92.76","30.24","Standard Class"
"1697","ORD-04639","2024-09-05","2024-09-06","CUST-0137","PROD-0028","9","0.10","187.84","47.17","First Class"
"1698","ORD-04753","2025-10-29","2025-11-03","CUST-0189","PROD-0025","11","0.00","385.44","179.19","Standard Class"
"1699","ORD-04987","2025-06-23","2025-06-24","CUST-0136","PROD-0009","5","0.00","2292.30","989.95","Second Class"
"1700","ORD-00301","2024-12-20","2024-12-24","CUST-0179","PROD-0027","3","0.00","212.10","92.64","Standard Class"
"1701","ORD-00483","2024-01-14","2024-01-18","CUST-0237","PROD-0037","12","0.00","8711.28","3413.88","Standard Class"
"1702","ORD-06112","2025-03-16","2025-03-20","CUST-0089","PROD-0040","11","0.15","840.10","128.84","Standard Class"
"1703","ORD-02003","2025-09-04","2025-09-10","CUST-0077","PROD-0037","8","0.00","5807.52","2275.92","Standard Class"
"1704","ORD-05162","2024-12-06","2024-12-09","CUST-0213","PROD-0023","11","0.00","71.83","20.79","Standard Class"
"1705","ORD-00077","2025-09-14","2025-09-15","CUST-0243","PROD-0030","11","0.00","5844.96","1848.55","Second Class"
"1706","ORD-05790","2025-10-28","2025-10-30","CUST-0219","PROD-0007","5","0.05","1945.84","503.04","Standard Class"
"1707","ORD-05268","2025-10-09","2025-10-15","CUST-0154","PROD-0023","5","0.00","32.65","9.45","Second Class"
"1708","ORD-03686","2023-07-07","2023-07-09","CUST-0033","PROD-0006","6","0.00","4244.64","1844.82","Standard Class"
"1709","ORD-04582","2023-10-15","2023-10-21","CUST-0025","PROD-0017","1","0.00","93.59","43.72","Second Class"
"1710","ORD-00286","2024-12-20","2024-12-21","CUST-0097","PROD-0025","11","0.20","308.35","102.10","First Class"
"1711","ORD-00217","2024-03-28","2024-04-02","CUST-0095","PROD-0033","2","0.00","1580.02","601.54","Standard Class"
"1712","ORD-06337","2025-01-09","2025-01-15","CUST-0102","PROD-0024","5","0.00","443.10","200.70","Standard Class"
"1713","ORD-00942","2024-04-10","2024-04-11","CUST-0246","PROD-0013","10","0.10","4658.94","1570.94","Standard Class"
"1714","ORD-04138","2025-09-03","2025-09-04","CUST-0197","PROD-0019","3","0.20","248.59","74.50","Standard Class"
"1715","ORD-03345","2025-04-06","2025-04-09","CUST-0028","PROD-0022","5","0.20","112.64","28.14","Standard Class"
"1716","ORD-01492","2025-07-07","2025-07-14","CUST-0052","PROD-0013","2","0.00","1035.32","417.72","Second Class"
"1717","ORD-03244","2025-07-03","2025-07-04","CUST-0144","PROD-0021","10","0.00","696.90","181.40","Standard Class"
"1718","ORD-03692","2025-04-19","2025-04-20","CUST-0184","PROD-0038","5","0.00","830.50","206.45","Standard Class"
"1719","ORD-00791","2024-11-14","2024-11-21","CUST-0065","PROD-0036","10","0.00","4963.90","1355.80","Standard Class"
"1720","ORD-02529","2024-06-22","2024-06-29","CUST-0033","PROD-0007","9","0.10","3318.16","721.12","Standard Class"
"1721","ORD-05451","2025-12-19","2025-12-23","CUST-0161","PROD-0023","3","0.00","19.59","5.67","Standard Class"
"1722","ORD-00665","2023-10-08","2023-10-11","CUST-0072","PROD-0036","3","0.00","1489.17","406.74","First Class"
"1723","ORD-01339","2025-04-29","2025-05-01","CUST-0190","PROD-0030","3","0.10","1434.67","344.74","Standard Class"
"1724","ORD-04085","2025-03-09","2025-03-11","CUST-0029","PROD-0037","9","0.10","5880.11","1907.06","Same Day"
"1725","ORD-06192","2024-08-30","2024-09-04","CUST-0146","PROD-0022","10","0.00","281.60","112.60","Standard Class"
"1726","ORD-04158","2024-06-17","2024-06-18","CUST-0247","PROD-0027","8","0.20","452.48","133.92","Standard Class"
"1727","ORD-05772","2025-10-05","2025-10-06","CUST-0164","PROD-0036","11","0.05","5187.28","1218.37","First Class"
"1728","ORD-03464","2024-09-11","2024-09-18","CUST-0105","PROD-0017","3","0.05","266.73","117.12","Standard Class"
"1729","ORD-00429","2024-11-05","2024-11-08","CUST-0247","PROD-0028","3","0.00","69.57","22.68","Second Class"
"1730","ORD-05884","2023-05-13","2023-05-17","CUST-0109","PROD-0005","2","0.10","469.73","148.27","Standard Class"
"1731","ORD-04759","2025-07-30","2025-08-03","CUST-0141","PROD-0026","3","0.00","231.87","99.75","First Class"
"1732","ORD-00710","2024-02-04","2024-02-11","CUST-0170","PROD-0016","10","0.05","344.85","103.65","Second Class"
"1733","ORD-05548","2025-11-05","2025-11-11","CUST-0200","PROD-0016","9","0.10","294.03","76.95","First Class"
"1734","ORD-05092","2025-04-19","2025-04-25","CUST-0222","PROD-0023","1","0.10","5.88","1.24","Standard Class"
"1735","ORD-03855","2025-05-18","2025-05-25","CUST-0078","PROD-0029","1","0.00","46.62","16.64","First Class"
"1736","ORD-03534","2025-07-17","2025-07-21","CUST-0031","PROD-0030","8","0.00","4250.88","1344.40","Standard Class"
"1737","ORD-04005","2025-12-09","2025-12-16","CUST-0068","PROD-0022","2","0.10","50.69","16.89","Second Class"
"1738","ORD-05443","2023-12-17","2023-12-20","CUST-0184","PROD-0003","11","0.20","1265.09","208.10","First Class"
"1739","ORD-03639","2025-05-04","2025-05-09","CUST-0142","PROD-0014","5","0.00","934.80","371.75","Second Class"
"1740","ORD-04832","2023-06-04","2023-06-05","CUST-0147","PROD-0002","7","0.10","880.99","260.30","Standard Class"
"1741","ORD-02895","2023-09-22","2023-09-23","CUST-0054","PROD-0001","3","0.15","1166.32","328.96","Standard Class"
"1742","ORD-05431","2024-06-05","2024-06-11","CUST-0216","PROD-0034","3","0.00","557.19","169.32","Standard Class"
"1743","ORD-00178","2024-03-13","2024-03-20","CUST-0200","PROD-0004","11","0.00","6404.09","2844.60","Standard Class"
"1744","ORD-06244","2023-12-16","2023-12-21","CUST-0028","PROD-0021","1","0.10","62.72","11.17","Standard Class"
"1745","ORD-01660","2023-12-28","2023-12-31","CUST-0056","PROD-0032","12","0.20","1718.11","216.07","Standard Class"
"1746","ORD-00383","2024-06-15","2024-06-21","CUST-0126","PROD-0034","6","0.05","1058.66","282.92","Second Class"
"1747","ORD-00797","2025-05-14","2025-05-15","CUST-0189","PROD-0029","7","0.05","310.02","100.16","Standard Class"
"1748","ORD-02974","2024-04-04","2024-04-10","CUST-0171","PROD-0024","6","0.00","531.72","240.84","First Class"
"1749","ORD-01522","2024-11-16","2024-11-23","CUST-0022","PROD-0019","9","0.00","932.22","409.95","Second Class"
"1750","ORD-02212","2024-03-12","2024-03-13","CUST-0152","PROD-0010","12","0.00","2195.88","591.60","Standard Class"
"1751","ORD-04086","2025-10-07","2025-10-11","CUST-0122","PROD-0001","5","0.00","2286.90","891.30","Standard Class"
"1752","ORD-05787","2025-05-31","2025-06-06","CUST-0062","PROD-0002","4","0.00","559.36","204.68","Standard Class"
"1753","ORD-05820","2024-07-14","2024-07-18","CUST-0007","PROD-0017","2","0.15","159.10","59.36","Standard Class"
"1754","ORD-01488","2024-09-14","2024-09-17","CUST-0194","PROD-0023","10","0.15","55.50","9.10","Second Class"
"1755","ORD-03459","2023-07-21","2023-07-28","CUST-0096","PROD-0033","5","0.00","3950.05","1503.85","Standard Class"
"1756","ORD-04541","2024-08-12","2024-08-18","CUST-0087","PROD-0011","4","0.10","1620.36","251.64","Standard Class"
"1757","ORD-05658","2023-11-03","2023-11-09","CUST-0141","PROD-0034","8","0.00","1485.84","451.52","Standard Class"
"1758","ORD-03596","2024-05-12","2024-05-13","CUST-0177","PROD-0038","1","0.00","166.10","41.29","Standard Class"
"1759","ORD-05978","2024-09-14","2024-09-17","CUST-0205","PROD-0007","11","0.15","3830.23","656.07","Standard Class"
"1760","ORD-05795","2024-08-01","2024-08-05","CUST-0035","PROD-0020","2","0.00","106.26","45.14","Standard Class"
"1761","ORD-01156","2024-03-02","2024-03-08","CUST-0087","PROD-0008","8","0.15","1001.16","309.00","Standard Class"
"1762","ORD-06282","2024-10-07","2024-10-12","CUST-0184","PROD-0039","2","0.00","1288.32","451.98","First Class"
"1763","ORD-04252","2025-09-01","2025-09-03","CUST-0038","PROD-0031","10","0.00","1763.90","478.00","Standard Class"
"1764","ORD-00781","2025-04-19","2025-04-23","CUST-0176","PROD-0012","2","0.05","525.48","165.82","Standard Class"
"1765","ORD-01673","2025-06-08","2025-06-13","CUST-0132","PROD-0022","7","0.20","157.70","39.40","Second Class"
"1766","ORD-05359","2024-09-30","2024-10-07","CUST-0078","PROD-0018","6","0.00","470.58","169.14","First Class"
"1767","ORD-03034","2025-11-09","2025-11-10","CUST-0095","PROD-0007","5","0.00","2048.25","605.45","Standard Class"
"1768","ORD-00947","2024-12-13","2024-12-14","CUST-0168","PROD-0023","3","0.15","16.65","2.73","Second Class"
"1769","ORD-05633","2024-09-25","2024-10-02","CUST-0175","PROD-0002","4","0.05","531.39","176.71","Second Class"
"1770","ORD-01564","2025-10-16","2025-10-18","CUST-0190","PROD-0026","2","0.05","146.85","58.77","Standard Class"
"1771","ORD-03394","2024-06-16","2024-06-23","CUST-0036","PROD-0011","2","0.00","900.20","215.84","First Class"
"1772","ORD-04379","2023-08-30","2023-09-06","CUST-0225","PROD-0025","4","0.00","140.16","65.16","First Class"
"1773","ORD-00208","2024-04-05","2024-04-07","CUST-0142","PROD-0018","11","0.00","862.73","310.09","Standard Class"
"1774","ORD-04071","2025-10-25","2025-10-27","CUST-0214","PROD-0014","7","0.00","1308.72","520.45","Standard Class"
"1775","ORD-01973","2024-08-27","2024-08-29","CUST-0233","PROD-0016","6","0.05","206.91","62.19","Standard Class"
"1776","ORD-01400","2025-01-14","2025-01-16","CUST-0137","PROD-0039","6","0.00","3864.96","1355.94","Second Class"
"1777","ORD-00041","2023-07-14","2023-07-21","CUST-0219","PROD-0022","11","0.15","263.30","77.40","Standard Class"
"1778","ORD-05219","2025-02-01","2025-02-02","CUST-0136","PROD-0024","2","0.15","150.65","53.69","Standard Class"
"1779","ORD-03924","2023-12-19","2023-12-23","CUST-0196","PROD-0040","7","0.05","597.50","144.88","Same Day"
"1780","ORD-02721","2025-01-24","2025-01-28","CUST-0230","PROD-0017","2","0.05","177.82","78.08","Standard Class"
"1781","ORD-03117","2024-01-27","2024-01-28","CUST-0153","PROD-0034","4","0.05","705.77","188.61","Standard Class"
"1782","ORD-00574","2024-08-14","2024-08-20","CUST-0088","PROD-0015","9","0.05","761.89","230.17","Standard Class"
"1783","ORD-06235","2024-10-26","2024-11-02","CUST-0058","PROD-0005","7","0.10","1644.05","518.94","Standard Class"
"1784","ORD-06203","2023-10-16","2023-10-17","CUST-0119","PROD-0013","9","0.10","4193.05","1413.85","Standard Class"
"1785","ORD-00075","2023-07-28","2023-07-29","CUST-0061","PROD-0024","11","0.00","974.82","441.54","First Class"
"1786","ORD-00961","2025-04-03","2025-04-10","CUST-0031","PROD-0014","10","0.20","1495.68","369.58","Standard Class"
"1787","ORD-04735","2024-02-20","2024-02-27","CUST-0178","PROD-0032","8","0.00","1431.76","430.40","Second Class"
"1788","ORD-01239","2025-03-29","2025-04-03","CUST-0100","PROD-0021","2","0.10","125.44","22.34","Standard Class"
"1789","ORD-04471","2025-09-07","2025-09-09","CUST-0127","PROD-0021","11","0.10","689.93","122.88","Standard Class"
"1790","ORD-01084","2024-11-26","2024-11-30","CUST-0204","PROD-0007","10","0.00","4096.50","1210.90","Standard Class"
"1791","ORD-05202","2024-10-02","2024-10-05","CUST-0185","PROD-0014","7","0.05","1243.28","455.01","Standard Class"
"1792","ORD-04081","2023-08-15","2023-08-17","CUST-0024","PROD-0007","9","0.10","3318.16","721.12","Standard Class"
"1793","ORD-06432","2025-07-11","2025-07-14","CUST-0225","PROD-0023","2","0.05","12.41","3.13","Second Class"
"1794","ORD-05373","2025-07-05","2025-07-07","CUST-0130","PROD-0010","12","0.00","2195.88","591.60","Standard Class"
"1795","ORD-03424","2024-11-02","2024-11-04","CUST-0078","PROD-0032","5","0.00","894.85","269.00","Standard Class"
"1796","ORD-04460","2025-10-27","2025-11-02","CUST-0193","PROD-0036","8","0.15","3375.45","488.97","Standard Class"
"1797","ORD-04823","2025-09-24","2025-10-01","CUST-0037","PROD-0038","11","0.00","1827.10","454.19","First Class"
"1798","ORD-01063","2024-10-16","2024-10-18","CUST-0139","PROD-0028","10","0.05","220.31","64.01","First Class"
"1799","ORD-01964","2024-04-24","2024-04-30","CUST-0026","PROD-0004","7","0.10","3667.80","1402.67","Standard Class"
"1800","ORD-00642","2025-03-27","2025-03-31","CUST-0215","PROD-0038","9","0.10","1345.41","222.12","First Class"
"1801","ORD-01620","2025-05-16","2025-05-22","CUST-0107","PROD-0019","7","0.00","725.06","318.85","Standard Class"
"1802","ORD-06319","2024-05-29","2024-06-04","CUST-0228","PROD-0008","3","0.00","441.69","182.13","Standard Class"
"1803","ORD-01432","2024-07-27","2024-07-30","CUST-0183","PROD-0004","7","0.00","4075.33","1810.20","Standard Class"
"1804","ORD-04387","2025-04-02","2025-04-06","CUST-0007","PROD-0026","11","0.00","850.19","365.75","Standard Class"
"1805","ORD-04950","2023-12-17","2023-12-22","CUST-0148","PROD-0011","2","0.10","810.18","125.82","Second Class"
"1806","ORD-00454","2024-05-03","2024-05-05","CUST-0190","PROD-0027","6","0.00","424.20","185.28","First Class"
"1807","ORD-06335","2025-02-15","2025-02-16","CUST-0105","PROD-0023","8","0.10","47.02","9.90","Second Class"
"1808","ORD-01632","2025-03-30","2025-04-06","CUST-0001","PROD-0030","12","0.00","6376.32","2016.60","First Class"
"1809","ORD-00437","2024-03-12","2024-03-13","CUST-0068","PROD-0014","1","0.15","158.92","46.31","Standard Class"
"1810","ORD-05273","2025-07-06","2025-07-07","CUST-0247","PROD-0022","8","0.10","202.75","67.55","Standard Class"
"1811","ORD-05332","2025-12-10","2025-12-17","CUST-0135","PROD-0017","12","0.15","954.62","356.18","Standard Class"
"1812","ORD-05869","2024-08-01","2024-08-04","CUST-0021","PROD-0016","10","0.00","363.00","121.80","Standard Class"
"1813","ORD-04662","2023-07-03","2023-07-10","CUST-0129","PROD-0034","12","0.00","2228.76","677.28","Second Class"
"1814","ORD-03670","2024-12-04","2024-12-10","CUST-0039","PROD-0007","9","0.15","3133.82","536.78","Second Class"
"1815","ORD-01406","2024-02-15","2024-02-22","CUST-0133","PROD-0026","5","0.05","367.13","146.93","Second Class"
"1816","ORD-06031","2024-05-24","2024-05-31","CUST-0128","PROD-0032","9","0.05","1530.19","403.66","Second Class"
"1817","ORD-02204","2025-06-29","2025-07-05","CUST-0240","PROD-0022","12","0.20","270.34","67.54","First Class"
"1818","ORD-05523","2024-11-05","2024-11-06","CUST-0119","PROD-0030","1","0.05","504.79","141.48","Standard Class"
"1819","ORD-01415","2025-01-04","2025-01-09","CUST-0001","PROD-0008","6","0.00","883.38","364.26","Standard Class"
"1820","ORD-01412","2024-11-28","2024-11-29","CUST-0134","PROD-0010","6","0.00","1097.94","295.80","Standard Class"
"1821","ORD-01049","2024-09-25","2024-09-29","CUST-0150","PROD-0026","11","0.10","765.17","280.73","Second Class"
"1822","ORD-02061","2025-02-01","2025-02-04","CUST-0123","PROD-0009","12","0.00","5501.52","2375.88","Standard Class"
"1823","ORD-04601","2023-10-03","2023-10-09","CUST-0011","PROD-0016","7","0.00","254.10","85.26","Standard Class"
"1824","ORD-02583","2025-02-07","2025-02-09","CUST-0030","PROD-0008","8","0.00","1177.84","485.68","Standard Class"
"1825","ORD-01644","2025-07-25","2025-07-26","CUST-0193","PROD-0006","7","0.20","3961.66","1161.87","Standard Class"
"1826","ORD-05821","2025-01-05","2025-01-12","CUST-0191","PROD-0008","2","0.10","265.01","91.97","First Class"
"1827","ORD-06366","2025-12-24","2025-12-26","CUST-0008","PROD-0021","12","0.00","836.28","217.68","First Class"
"1828","ORD-00309","2024-12-09","2024-12-15","CUST-0055","PROD-0013","2","0.10","931.79","314.19","Second Class"
"1829","ORD-03087","2023-12-06","2023-12-13","CUST-0013","PROD-0008","7","0.00","1030.61","424.97","Standard Class"
"1830","ORD-04883","2025-03-22","2025-03-27","CUST-0084","PROD-0010","4","0.00","731.96","197.20","Second Class"
"1831","ORD-06453","2023-08-21","2023-08-28","CUST-0016","PROD-0028","3","0.00","69.57","22.68","Second Class"
"1832","ORD-00581","2025-09-29","2025-10-01","CUST-0019","PROD-0031","9","0.00","1587.51","430.20","Second Class"
"1833","ORD-02271","2025-05-13","2025-05-16","CUST-0052","PROD-0012","5","0.00","1382.85","483.70","Standard Class"
"1834","ORD-01762","2024-08-20","2024-08-23","CUST-0217","PROD-0036","6","0.00","2978.34","813.48","Second Class"
"1835","ORD-01249","2024-01-03","2024-01-07","CUST-0048","PROD-0037","4","0.05","2758.57","992.77","First Class"
"1836","ORD-00811","2024-02-15","2024-02-17","CUST-0179","PROD-0035","10","0.05","3975.18","1118.18","Second Class"
"1837","ORD-03789","2025-08-14","2025-08-20","CUST-0056","PROD-0037","9","0.05","6206.79","2233.74","First Class"
"1838","ORD-00556","2024-08-22","2024-08-25","CUST-0051","PROD-0018","8","0.00","627.44","225.52","Second Class"
"1839","ORD-04159","2025-03-14","2025-03-21","CUST-0042","PROD-0021","2","0.10","125.44","22.34","Standard Class"
"1840","ORD-00707","2025-05-20","2025-05-25","CUST-0067","PROD-0035","8","0.05","3180.14","894.54","Standard Class"
"1841","ORD-01741","2025-05-20","2025-05-24","CUST-0075","PROD-0019","2","0.10","186.44","70.38","Standard Class"
"1842","ORD-05749","2025-06-01","2025-06-02","CUST-0227","PROD-0023","6","0.10","35.26","7.42","Standard Class"
"1843","ORD-02447","2025-02-21","2025-02-24","CUST-0026","PROD-0001","4","0.00","1829.52","713.04","Same Day"
"1844","ORD-00902","2023-08-05","2023-08-09","CUST-0232","PROD-0021","10","0.00","696.90","181.40","Standard Class"
"1845","ORD-00352","2025-09-29","2025-10-03","CUST-0108","PROD-0020","2","0.00","106.26","45.14","First Class"
"1846","ORD-00287","2025-05-16","2025-05-17","CUST-0035","PROD-0023","3","0.20","15.67","1.75","Standard Class"
"1847","ORD-02305","2025-09-17","2025-09-20","CUST-0147","PROD-0017","10","0.00","935.90","437.20","First Class"
"1848","ORD-00555","2025-05-08","2025-05-09","CUST-0015","PROD-0016","8","0.00","290.40","97.44","Standard Class"
"1849","ORD-00369","2025-09-23","2025-09-26","CUST-0003","PROD-0007","4","0.00","1638.60","484.36","Standard Class"
"1850","ORD-05173","2025-09-09","2025-09-16","CUST-0185","PROD-0040","10","0.00","898.50","251.90","First Class"
"1851","ORD-00513","2024-01-20","2024-01-21","CUST-0086","PROD-0029","5","0.00","233.10","83.20","Second Class"
"1852","ORD-03942","2025-03-05","2025-03-09","CUST-0004","PROD-0010","6","0.15","933.25","131.11","Standard Class"
"1853","ORD-06313","2024-11-24","2024-11-25","CUST-0098","PROD-0006","10","0.15","6013.24","2013.54","Standard Class"
"1854","ORD-04502","2024-03-16","2024-03-22","CUST-0159","PROD-0026","6","0.00","463.74","199.50","Second Class"
"1855","ORD-02979","2025-11-05","2025-11-06","CUST-0010","PROD-0007","5","0.05","1945.84","503.04","Same Day"
"1856","ORD-01505","2025-03-19","2025-03-24","CUST-0170","PROD-0011","10","0.15","3825.85","404.05","First Class"
"1857","ORD-00888","2023-08-31","2023-09-01","CUST-0083","PROD-0037","2","0.05","1379.29","496.39","Standard Class"
"1858","ORD-05605","2025-01-23","2025-01-27","CUST-0218","PROD-0006","5","0.00","3537.20","1537.35","Standard Class"
"1859","ORD-01698","2025-06-20","2025-06-25","CUST-0145","PROD-0033","3","0.00","2370.03","902.31","Standard Class"
"1860","ORD-04324","2025-10-24","2025-10-29","CUST-0061","PROD-0011","10","0.20","3600.80","179.00","Standard Class"
"1861","ORD-05711","2024-10-12","2024-10-16","CUST-0009","PROD-0015","10","0.00","891.10","300.30","Standard Class"
"1862","ORD-00233","2025-08-04","2025-08-09","CUST-0190","PROD-0020","6","0.00","318.78","135.42","Standard Class"
"1863","ORD-05521","2025-11-11","2025-11-14","CUST-0001","PROD-0038","10","0.15","1411.85","163.75","Standard Class"
"1864","ORD-05272","2024-06-25","2024-07-01","CUST-0056","PROD-0039","3","0.00","1932.48","677.97","Standard Class"
"1865","ORD-02824","2023-10-27","2023-10-31","CUST-0097","PROD-0036","1","0.00","496.39","135.58","First Class"
"1866","ORD-02374","2024-10-22","2024-10-25","CUST-0226","PROD-0004","11","0.00","6404.09","2844.60","Standard Class"
"1867","ORD-04772","2024-05-10","2024-05-11","CUST-0141","PROD-0030","1","0.05","504.79","141.48","Standard Class"
"1868","ORD-02981","2024-08-19","2024-08-20","CUST-0218","PROD-0027","9","0.00","636.30","277.92","Standard Class"
"1869","ORD-04117","2024-07-25","2024-07-30","CUST-0133","PROD-0034","10","0.20","1485.84","192.94","Standard Class"
"1870","ORD-05308","2024-04-02","2024-04-07","CUST-0060","PROD-0015","7","0.00","623.77","210.21","Standard Class"
"1871","ORD-06385","2024-12-10","2024-12-11","CUST-0095","PROD-0013","8","0.00","4141.28","1670.88","Standard Class"
"1872","ORD-02768","2025-07-17","2025-07-21","CUST-0159","PROD-0038","11","0.05","1735.74","362.83","Standard Class"
"1873","ORD-03515","2025-10-09","2025-10-12","CUST-0210","PROD-0018","12","0.05","894.10","291.22","Standard Class"
"1874","ORD-05478","2025-11-09","2025-11-14","CUST-0154","PROD-0011","12","0.05","5131.14","1024.98","Standard Class"
"1875","ORD-00788","2025-06-14","2025-06-16","CUST-0220","PROD-0025","3","0.10","94.61","38.36","Second Class"
"1876","ORD-04906","2023-08-17","2023-08-22","CUST-0092","PROD-0010","10","0.10","1646.91","310.01","Standard Class"
"1877","ORD-01188","2024-09-06","2024-09-10","CUST-0180","PROD-0008","8","0.15","1001.16","309.00","Standard Class"
"1878","ORD-00053","2024-08-13","2024-08-16","CUST-0092","PROD-0037","12","0.00","8711.28","3413.88","Same Day"
"1879","ORD-00739","2025-09-14","2025-09-15","CUST-0215","PROD-0037","7","0.00","5081.58","1991.43","Standard Class"
"1880","ORD-05856","2023-09-20","2023-09-22","CUST-0115","PROD-0018","4","0.00","313.72","112.76","Second Class"
"1881","ORD-04788","2024-08-07","2024-08-12","CUST-0054","PROD-0017","5","0.00","467.95","218.60","Standard Class"
"1882","ORD-01812","2024-02-20","2024-02-25","CUST-0108","PROD-0034","12","0.10","2005.88","454.40","Standard Class"
"1883","ORD-02331","2025-02-01","2025-02-05","CUST-0250","PROD-0027","4","0.05","268.66","109.38","Second Class"
"1884","ORD-03665","2025-04-12","2025-04-17","CUST-0049","PROD-0015","7","0.00","623.77","210.21","Standard Class"
"1885","ORD-04025","2025-08-16","2025-08-20","CUST-0103","PROD-0009","2","0.00","916.92","395.98","Standard Class"
"1886","ORD-05040","2024-02-29","2024-03-01","CUST-0200","PROD-0039","1","0.00","644.16","225.99","Standard Class"
"1887","ORD-01101","2025-12-30","2026-01-01","CUST-0122","PROD-0032","3","0.05","510.06","134.55","Standard Class"
"1888","ORD-01103","2025-09-14","2025-09-15","CUST-0207","PROD-0030","2","0.10","956.45","229.83","First Class"
"1889","ORD-06252","2024-05-16","2024-05-22","CUST-0243","PROD-0022","5","0.00","140.80","56.30","Same Day"
"1890","ORD-06109","2025-07-19","2025-07-20","CUST-0129","PROD-0014","11","0.00","2056.56","817.85","Second Class"
"1891","ORD-02354","2025-09-06","2025-09-09","CUST-0093","PROD-0019","12","0.00","1242.96","546.60","Second Class"
"1892","ORD-00291","2024-11-20","2024-11-21","CUST-0196","PROD-0008","11","0.00","1619.53","667.81","Second Class"
"1893","ORD-00240","2024-08-27","2024-08-30","CUST-0005","PROD-0029","7","0.00","326.34","116.48","Second Class"
"1894","ORD-00125","2023-10-25","2023-10-27","CUST-0040","PROD-0005","11","0.00","2870.56","1102.53","Second Class"
"1895","ORD-05326","2025-01-14","2025-01-16","CUST-0131","PROD-0030","5","0.20","2125.44","308.89","Second Class"
"1896","ORD-00572","2024-09-25","2024-09-28","CUST-0007","PROD-0032","5","0.15","760.62","134.77","Standard Class"
"1897","ORD-03000","2025-08-13","2025-08-19","CUST-0220","PROD-0008","7","0.00","1030.61","424.97","Second Class"
"1898","ORD-03645","2024-11-16","2024-11-17","CUST-0163","PROD-0014","5","0.15","794.58","231.53","Second Class"
"1899","ORD-05071","2024-10-20","2024-10-23","CUST-0144","PROD-0022","4","0.10","101.38","33.78","Standard Class"
"1900","ORD-03962","2025-05-25","2025-05-28","CUST-0036","PROD-0019","12","0.00","1242.96","546.60","Standard Class"
"1901","ORD-06074","2024-02-08","2024-02-12","CUST-0180","PROD-0008","1","0.05","139.87","53.35","Second Class"
"1902","ORD-01886","2023-12-12","2023-12-13","CUST-0239","PROD-0027","8","0.10","509.04","190.48","Second Class"
"1903","ORD-06258","2024-11-03","2024-11-06","CUST-0061","PROD-0027","8","0.00","565.60","247.04","Standard Class"
"1904","ORD-04574","2025-02-13","2025-02-20","CUST-0056","PROD-0013","3","0.05","1475.33","548.93","Second Class"
"1905","ORD-04134","2024-05-24","2024-05-28","CUST-0221","PROD-0026","8","0.00","618.32","266.00","Standard Class"
"1906","ORD-06359","2025-12-12","2025-12-14","CUST-0103","PROD-0006","6","0.05","4032.41","1632.59","First Class"
"1907","ORD-00733","2024-09-19","2024-09-26","CUST-0130","PROD-0027","3","0.05","201.50","82.04","Standard Class"
"1908","ORD-02747","2024-10-27","2024-11-01","CUST-0211","PROD-0031","3","0.00","529.17","143.40","First Class"
"1909","ORD-00264","2024-04-15","2024-04-17","CUST-0029","PROD-0022","12","0.00","337.92","135.12","Standard Class"
"1910","ORD-00713","2023-12-19","2023-12-21","CUST-0057","PROD-0032","2","0.00","357.94","107.60","Standard Class"
"1911","ORD-03601","2023-08-29","2023-09-04","CUST-0233","PROD-0024","10","0.00","886.20","401.40","Standard Class"
"1912","ORD-01277","2025-11-24","2025-12-01","CUST-0226","PROD-0027","1","0.00","70.70","30.88","Standard Class"
"1913","ORD-03402","2024-06-25","2024-07-01","CUST-0039","PROD-0030","7","0.05","3533.54","990.37","Same Day"
"1914","ORD-03935","2025-02-07","2025-02-11","CUST-0009","PROD-0011","3","0.20","1080.24","53.70","Standard Class"
"1915","ORD-02921","2023-06-28","2023-07-01","CUST-0019","PROD-0040","3","0.00","269.55","75.57","Second Class"
"1916","ORD-02012","2025-10-28","2025-11-04","CUST-0124","PROD-0022","1","0.00","28.16","11.26","Standard Class"
"1917","ORD-04309","2024-11-30","2024-12-07","CUST-0033","PROD-0028","5","0.00","115.95","37.80","Standard Class"
"1918","ORD-04456","2024-01-16","2024-01-17","CUST-0159","PROD-0009","7","0.00","3209.22","1385.93","Standard Class"
"1919","ORD-01350","2025-07-03","2025-07-05","CUST-0203","PROD-0035","2","0.00","836.88","265.48","Standard Class"
"1920","ORD-05999","2024-11-29","2024-12-01","CUST-0205","PROD-0017","6","0.05","533.46","234.24","First Class"
"1921","ORD-05367","2025-11-02","2025-11-05","CUST-0143","PROD-0031","1","0.00","176.39","47.80","Standard Class"
"1922","ORD-00370","2024-09-01","2024-09-03","CUST-0149","PROD-0037","8","0.00","5807.52","2275.92","Standard Class"
"1923","ORD-03950","2025-07-27","2025-07-28","CUST-0096","PROD-0008","4","0.00","588.92","242.84","Standard Class"
"1924","ORD-01253","2023-12-29","2024-01-02","CUST-0077","PROD-0028","6","0.15","118.27","24.49","First Class"
"1925","ORD-04059","2023-12-10","2023-12-12","CUST-0249","PROD-0002","9","0.00","1258.56","460.53","Standard Class"
"1926","ORD-03612","2025-04-05","2025-04-10","CUST-0066","PROD-0012","1","0.05","262.74","82.91","Second Class"
"1927","ORD-05937","2025-05-28","2025-06-03","CUST-0041","PROD-0040","12","0.00","1078.20","302.28","Standard Class"
"1928","ORD-01194","2025-10-07","2025-10-08","CUST-0194","PROD-0028","4","0.00","92.76","30.24","Second Class"
"1929","ORD-02219","2023-05-11","2023-05-13","CUST-0195","PROD-0008","9","0.00","1325.07","546.39","Second Class"
"1930","ORD-01793","2024-10-01","2024-10-04","CUST-0114","PROD-0011","6","0.00","2700.60","647.52","Standard Class"
"1931","ORD-04913","2025-06-08","2025-06-15","CUST-0164","PROD-0040","7","0.00","628.95","176.33","Standard Class"
"1932","ORD-04470","2023-09-17","2023-09-18","CUST-0056","PROD-0020","1","0.00","53.13","22.57","First Class"
"1933","ORD-01274","2025-09-06","2025-09-10","CUST-0220","PROD-0029","1","0.15","39.63","9.65","Standard Class"
"1934","ORD-03875","2025-01-12","2025-01-19","CUST-0025","PROD-0012","2","0.00","553.14","193.48","Standard Class"
"1935","ORD-02392","2025-01-07","2025-01-11","CUST-0191","PROD-0021","5","0.00","348.45","90.70","Standard Class"
"1936","ORD-00836","2023-06-07","2023-06-12","CUST-0204","PROD-0018","2","0.00","156.86","56.38","Standard Class"
"1937","ORD-04278","2023-10-29","2023-10-31","CUST-0028","PROD-0039","12","0.05","7343.42","2325.38","Standard Class"
"1938","ORD-03140","2023-08-22","2023-08-27","CUST-0060","PROD-0024","12","0.00","1063.44","481.68","Standard Class"
"1939","ORD-06082","2025-01-15","2025-01-16","CUST-0008","PROD-0012","6","0.00","1659.42","580.44","Standard Class"
"1940","ORD-00064","2024-10-27","2024-10-30","CUST-0248","PROD-0036","2","0.10","893.50","171.88","Standard Class"
"1941","ORD-04654","2024-04-12","2024-04-15","CUST-0044","PROD-0040","5","0.00","449.25","125.95","First Class"
"1942","ORD-03549","2025-03-27","2025-03-29","CUST-0243","PROD-0034","3","0.05","529.33","141.46","Second Class"
"1943","ORD-05797","2025-08-26","2025-08-31","CUST-0008","PROD-0002","2","0.00","279.68","102.34","Standard Class"
"1944","ORD-05363","2023-06-09","2023-06-14","CUST-0198","PROD-0024","5","0.05","420.94","178.54","Second Class"
"1945","ORD-04762","2025-06-13","2025-06-16","CUST-0179","PROD-0006","11","0.00","7781.84","3382.17","Standard Class"
"1946","ORD-06015","2023-12-09","2023-12-16","CUST-0172","PROD-0022","2","0.00","56.32","22.52","Standard Class"
"1947","ORD-05742","2025-12-23","2025-12-27","CUST-0210","PROD-0002","12","0.00","1678.08","614.04","First Class"
"1948","ORD-00376","2024-08-09","2024-08-15","CUST-0006","PROD-0022","2","0.05","53.50","19.70","Standard Class"
"1949","ORD-04553","2023-12-04","2023-12-05","CUST-0105","PROD-0025","4","0.20","112.13","37.13","Standard Class"
"1950","ORD-03114","2023-05-10","2023-05-16","CUST-0105","PROD-0036","9","0.15","3797.38","550.09","Standard Class"
"1951","ORD-06489","2025-12-25","2025-12-27","CUST-0059","PROD-0022","2","0.00","56.32","22.52","Standard Class"
"1952","ORD-05936","2025-11-14","2025-11-21","CUST-0179","PROD-0028","4","0.05","88.12","25.60","Standard Class"
"1953","ORD-02410","2025-01-11","2025-01-18","CUST-0207","PROD-0032","1","0.10","161.07","35.90","Standard Class"
"1954","ORD-01599","2024-01-25","2024-01-26","CUST-0210","PROD-0031","7","0.00","1234.73","334.60","Standard Class"
"1955","ORD-03732","2025-08-27","2025-09-02","CUST-0249","PROD-0014","3","0.00","560.88","223.05","Standard Class"
"1956","ORD-03126","2025-08-15","2025-08-21","CUST-0066","PROD-0003","12","0.15","1466.35","313.27","Standard Class"
"1957","ORD-01286","2025-03-14","2025-03-18","CUST-0082","PROD-0029","12","0.00","559.44","199.68","Standard Class"
"1958","ORD-02903","2024-04-15","2024-04-18","CUST-0241","PROD-0033","8","0.20","5056.06","1142.14","Same Day"
"1959","ORD-05828","2025-12-22","2025-12-29","CUST-0030","PROD-0029","10","0.05","442.89","143.09","Standard Class"
"1960","ORD-06429","2025-03-03","2025-03-04","CUST-0025","PROD-0035","6","0.05","2385.11","670.91","Standard Class"
"1961","ORD-01180","2024-01-03","2024-01-04","CUST-0163","PROD-0023","5","0.00","32.65","9.45","Second Class"
"1962","ORD-05103","2025-06-14","2025-06-16","CUST-0138","PROD-0007","6","0.00","2457.90","726.54","Standard Class"
"1963","ORD-02456","2025-08-20","2025-08-27","CUST-0148","PROD-0018","3","0.00","235.29","84.57","Standard Class"
"1964","ORD-05617","2024-10-22","2024-10-29","CUST-0143","PROD-0030","7","0.00","3719.52","1176.35","First Class"
"1965","ORD-01870","2024-09-12","2024-09-18","CUST-0122","PROD-0035","3","0.20","1004.26","147.16","Standard Class"
"1966","ORD-04009","2025-07-04","2025-07-09","CUST-0030","PROD-0006","4","0.05","2688.27","1088.39","Same Day"
"1967","ORD-01046","2024-10-31","2024-11-05","CUST-0174","PROD-0021","11","0.20","613.27","46.22","Standard Class"
"1968","ORD-00878","2024-04-16","2024-04-20","CUST-0226","PROD-0028","2","0.15","39.42","8.16","Standard Class"
"1969","ORD-02498","2025-01-11","2025-01-12","CUST-0011","PROD-0039","10","0.10","5797.44","1615.74","Second Class"
"1970","ORD-02947","2024-03-24","2024-03-26","CUST-0156","PROD-0037","6","0.10","3920.08","1271.38","Standard Class"
"1971","ORD-04475","2025-03-15","2025-03-16","CUST-0167","PROD-0010","9","0.00","1646.91","443.70","Standard Class"
"1972","ORD-04693","2025-06-24","2025-06-25","CUST-0212","PROD-0032","7","0.00","1252.79","376.60","Second Class"
"1973","ORD-03403","2023-08-11","2023-08-17","CUST-0239","PROD-0031","11","0.00","1940.29","525.80","Standard Class"
"1974","ORD-00637","2024-02-04","2024-02-06","CUST-0066","PROD-0040","4","0.00","359.40","100.76","First Class"
"1975","ORD-00735","2025-03-05","2025-03-06","CUST-0193","PROD-0008","8","0.05","1118.95","426.79","First Class"
"1976","ORD-02026","2024-11-12","2024-11-16","CUST-0031","PROD-0037","1","0.05","689.64","248.19","Standard Class"
"1977","ORD-00536","2023-09-07","2023-09-09","CUST-0174","PROD-0040","2","0.15","152.74","23.42","Standard Class"
"1978","ORD-04633","2025-06-13","2025-06-16","CUST-0121","PROD-0028","1","0.00","23.19","7.56","Standard Class"
"1979","ORD-02024","2024-07-07","2024-07-13","CUST-0127","PROD-0024","5","0.00","443.10","200.70","Second Class"
"1980","ORD-00451","2025-08-11","2025-08-13","CUST-0173","PROD-0008","12","0.00","1766.76","728.52","Standard Class"
"1981","ORD-00996","2025-09-20","2025-09-23","CUST-0122","PROD-0008","8","0.00","1177.84","485.68","Standard Class"
"1982","ORD-04449","2025-12-17","2025-12-19","CUST-0116","PROD-0032","9","0.00","1610.73","484.20","First Class"
"1983","ORD-05982","2025-01-20","2025-01-25","CUST-0133","PROD-0038","12","0.00","1993.20","495.48","Second Class"
"1984","ORD-02592","2025-10-01","2025-10-03","CUST-0221","PROD-0017","6","0.00","561.54","262.32","First Class"
"1985","ORD-01125","2023-06-28","2023-07-04","CUST-0095","PROD-0030","11","0.00","5844.96","1848.55","Second Class"
"1986","ORD-03049","2024-04-15","2024-04-20","CUST-0096","PROD-0003","3","0.05","409.72","121.45","First Class"
"1987","ORD-05269","2023-10-01","2023-10-04","CUST-0129","PROD-0015","12","0.00","1069.32","360.36","Same Day"
"1988","ORD-00485","2025-02-26","2025-02-28","CUST-0072","PROD-0029","1","0.05","44.29","14.31","Second Class"
"1989","ORD-05778","2025-10-24","2025-10-28","CUST-0141","PROD-0014","8","0.15","1271.33","370.45","Standard Class"
"1990","ORD-04434","2025-06-03","2025-06-05","CUST-0237","PROD-0027","11","0.15","661.05","223.03","Standard Class"
"1991","ORD-01394","2025-11-14","2025-11-19","CUST-0142","PROD-0020","6","0.10","286.90","103.54","Standard Class"
"1992","ORD-03271","2025-10-03","2025-10-10","CUST-0078","PROD-0019","9","0.00","932.22","409.95","Standard Class"
"1993","ORD-05381","2024-05-09","2024-05-10","CUST-0081","PROD-0006","9","0.00","6366.96","2767.23","First Class"
"1994","ORD-01841","2024-10-21","2024-10-27","CUST-0042","PROD-0010","8","0.00","1463.92","394.40","Second Class"
"1995","ORD-04338","2024-04-18","2024-04-23","CUST-0074","PROD-0037","3","0.05","2068.93","744.58","Second Class"
"1996","ORD-06384","2025-08-11","2025-08-15","CUST-0083","PROD-0019","6","0.00","621.48","273.30","Second Class"
"1997","ORD-05654","2024-12-16","2024-12-23","CUST-0149","PROD-0034","1","0.00","185.73","56.44","Standard Class"
"1998","ORD-05354","2024-05-16","2024-05-18","CUST-0050","PROD-0028","5","0.00","115.95","37.80","Standard Class"
"1999","ORD-03900","2024-07-31","2024-08-07","CUST-0211","PROD-0030","7","0.15","3161.59","618.42","First Class"
"2000","ORD-03045","2025-06-21","2025-06-23","CUST-0054","PROD-0013","5","0.00","2588.30","1044.30","Second Class"
"2001","ORD-03882","2023-12-19","2023-12-22","CUST-0081","PROD-0034","12","0.20","1783.01","231.53","Second Class"
"2002","ORD-03559","2023-04-22","2023-04-27","CUST-0225","PROD-0033","5","0.05","3752.55","1306.35","Standard Class"
"2003","ORD-05568","2025-10-13","2025-10-18","CUST-0126","PROD-0035","3","0.10","1129.79","272.69","First Class"
"2004","ORD-02760","2025-02-01","2025-02-07","CUST-0148","PROD-0023","7","0.05","43.42","10.94","Same Day"
"2005","ORD-05414","2024-05-06","2024-05-09","CUST-0156","PROD-0012","3","0.00","829.71","290.22","Second Class"
"2006","ORD-01549","2025-06-03","2025-06-07","CUST-0085","PROD-0037","8","0.00","5807.52","2275.92","Standard Class"
"2007","ORD-01275","2025-02-12","2025-02-15","CUST-0235","PROD-0017","2","0.15","159.10","59.36","Second Class"
"2008","ORD-02345","2025-09-14","2025-09-21","CUST-0208","PROD-0026","12","0.10","834.73","306.25","Standard Class"
"2009","ORD-04886","2024-10-12","2024-10-18","CUST-0096","PROD-0007","2","0.15","696.40","119.28","Standard Class"
"2010","ORD-04333","2025-08-09","2025-08-11","CUST-0044","PROD-0036","3","0.00","1489.17","406.74","Standard Class"
"2011","ORD-05299","2023-03-04","2023-03-09","CUST-0071","PROD-0001","10","0.00","4573.80","1782.60","Standard Class"
"2012","ORD-05096","2024-10-05","2024-10-06","CUST-0171","PROD-0023","2","0.10","11.75","2.47","Standard Class"
"2013","ORD-01228","2024-12-19","2024-12-23","CUST-0184","PROD-0025","2","0.05","66.58","29.08","Standard Class"
"2014","ORD-06468","2025-10-16","2025-10-20","CUST-0168","PROD-0003","5","0.00","718.80","238.35","Same Day"
"2015","ORD-04396","2025-09-19","2025-09-26","CUST-0164","PROD-0021","1","0.10","62.72","11.17","Second Class"
"2016","ORD-02029","2024-10-18","2024-10-25","CUST-0092","PROD-0033","9","0.00","7110.09","2706.93","First Class"
"2017","ORD-02309","2024-12-11","2024-12-15","CUST-0070","PROD-0001","4","0.00","1829.52","713.04","Standard Class"
"2018","ORD-01206","2025-04-20","2025-04-25","CUST-0120","PROD-0008","3","0.00","441.69","182.13","Standard Class"
"2019","ORD-01894","2025-12-13","2025-12-20","CUST-0216","PROD-0034","12","0.05","2117.32","565.84","Standard Class"
"2020","ORD-06365","2025-10-31","2025-11-04","CUST-0203","PROD-0015","10","0.05","846.54","255.74","Standard Class"
"2021","ORD-01795","2024-09-24","2024-09-27","CUST-0027","PROD-0035","2","0.00","836.88","265.48","First Class"
"2022","ORD-01806","2024-03-21","2024-03-28","CUST-0202","PROD-0031","2","0.00","352.78","95.60","Standard Class"
"2023","ORD-01416","2025-07-14","2025-07-17","CUST-0124","PROD-0037","10","0.00","7259.40","2844.90","Standard Class"
"2024","ORD-05415","2025-08-30","2025-09-03","CUST-0095","PROD-0037","12","0.10","7840.15","2542.75","Same Day"
"2025","ORD-01583","2025-09-06","2025-09-12","CUST-0129","PROD-0038","1","0.00","166.10","41.29","Second Class"
"2026","ORD-03897","2024-03-18","2024-03-23","CUST-0001","PROD-0023","12","0.00","78.36","22.68","Standard Class"
"2027","ORD-00820","2023-07-31","2023-08-05","CUST-0161","PROD-0016","10","0.10","326.70","85.50","Second Class"
"2028","ORD-01507","2025-01-25","2025-01-28","CUST-0097","PROD-0024","10","0.00","886.20","401.40","Second Class"
"2029","ORD-06257","2025-03-29","2025-03-31","CUST-0050","PROD-0010","9","0.00","1646.91","443.70","Standard Class"
"2030","ORD-06221","2025-06-26","2025-07-01","CUST-0013","PROD-0036","11","0.00","5460.29","1491.38","Standard Class"
"2031","ORD-03135","2024-10-23","2024-10-27","CUST-0147","PROD-0007","11","0.10","4055.53","881.37","Standard Class"
"2032","ORD-02670","2024-04-15","2024-04-17","CUST-0191","PROD-0013","10","0.00","5176.60","2088.60","Second Class"
"2033","ORD-06122","2025-07-23","2025-07-28","CUST-0159","PROD-0033","11","0.05","8255.60","2873.96","Standard Class"
"2034","ORD-01653","2024-10-04","2024-10-07","CUST-0148","PROD-0001","1","0.05","434.51","155.39","Standard Class"
"2035","ORD-02307","2025-08-04","2025-08-10","CUST-0112","PROD-0018","12","0.10","847.04","244.16","Standard Class"
"2036","ORD-02514","2025-02-17","2025-02-22","CUST-0029","PROD-0013","5","0.15","2200.05","656.05","Second Class"
"2037","ORD-05073","2025-05-11","2025-05-13","CUST-0179","PROD-0013","6","0.15","2640.07","787.27","First Class"
"2038","ORD-00298","2025-05-14","2025-05-17","CUST-0106","PROD-0020","1","0.05","50.47","19.91","Standard Class"
"2039","ORD-05906","2024-01-22","2024-01-26","CUST-0233","PROD-0040","5","0.00","449.25","125.95","Second Class"
"2040","ORD-01641","2023-02-11","2023-02-12","CUST-0147","PROD-0033","3","0.00","2370.03","902.31","Standard Class"
"2041","ORD-06180","2025-03-30","2025-04-05","CUST-0216","PROD-0038","5","0.20","664.40","40.35","Standard Class"
"2042","ORD-02917","2025-04-09","2025-04-10","CUST-0171","PROD-0037","1","0.00","725.94","284.49","Standard Class"
"2043","ORD-00188","2024-10-16","2024-10-18","CUST-0113","PROD-0003","2","0.00","287.52","95.34","Second Class"
"2044","ORD-00194","2025-01-11","2025-01-17","CUST-0157","PROD-0019","8","0.00","828.64","364.40","Standard Class"
"2045","ORD-03613","2025-04-23","2025-04-25","CUST-0147","PROD-0010","4","0.00","731.96","197.20","First Class"
"2046","ORD-03714","2025-03-06","2025-03-13","CUST-0102","PROD-0034","11","0.05","1940.88","518.69","Standard Class"
"2047","ORD-06436","2024-12-26","2025-01-01","CUST-0218","PROD-0014","3","0.10","504.79","166.96","First Class"
"2048","ORD-01518","2025-01-13","2025-01-16","CUST-0193","PROD-0006","8","0.00","5659.52","2459.76","Standard Class"
"2049","ORD-06005","2024-12-30","2025-01-02","CUST-0211","PROD-0014","11","0.00","2056.56","817.85","First Class"
"2050","ORD-00160","2025-01-19","2025-01-26","CUST-0183","PROD-0022","3","0.00","84.48","33.78","Standard Class"
"2051","ORD-02030","2025-10-05","2025-10-10","CUST-0135","PROD-0025","2","0.00","70.08","32.58","Standard Class"
"2052","ORD-06205","2023-09-15","2023-09-22","CUST-0045","PROD-0006","3","0.10","1910.09","710.18","Standard Class"
"2053","ORD-01820","2024-01-21","2024-01-22","CUST-0094","PROD-0010","4","0.00","731.96","197.20","Standard Class"
"2054","ORD-02587","2025-09-10","2025-09-14","CUST-0133","PROD-0003","8","0.00","1150.08","381.36","Standard Class"
"2055","ORD-00933","2023-12-31","2024-01-02","CUST-0150","PROD-0035","7","0.00","2929.08","929.18","Standard Class"
"2056","ORD-05123","2025-08-12","2025-08-16","CUST-0180","PROD-0037","6","0.00","4355.64","1706.94","First Class"
"2057","ORD-06157","2024-01-15","2024-01-19","CUST-0037","PROD-0034","12","0.00","2228.76","677.28","Standard Class"
"2058","ORD-03648","2024-02-14","2024-02-19","CUST-0011","PROD-0009","2","0.00","916.92","395.98","First Class"
"2059","ORD-05863","2025-03-26","2025-03-28","CUST-0166","PROD-0030","2","0.20","850.18","123.56","Standard Class"
"2060","ORD-03725","2025-07-14","2025-07-21","CUST-0156","PROD-0032","2","0.10","322.15","71.81","First Class"
"2061","ORD-04845","2025-04-20","2025-04-23","CUST-0198","PROD-0013","9","0.15","3960.10","1180.90","First Class"
"2062","ORD-00777","2025-06-10","2025-06-13","CUST-0096","PROD-0040","8","0.15","610.98","93.70","First Class"
"2063","ORD-03883","2024-01-27","2024-02-02","CUST-0073","PROD-0026","5","0.10","347.81","127.61","Standard Class"
"2064","ORD-06170","2025-11-08","2025-11-13","CUST-0155","PROD-0015","8","0.15","605.95","133.31","Same Day"
"2065","ORD-01612","2025-08-23","2025-08-24","CUST-0216","PROD-0011","2","0.10","810.18","125.82","Second Class"
"2066","ORD-06116","2023-11-03","2023-11-06","CUST-0156","PROD-0035","8","0.00","3347.52","1061.92","Standard Class"
"2067","ORD-01407","2025-10-05","2025-10-11","CUST-0113","PROD-0032","7","0.10","1127.51","251.32","Standard Class"
"2068","ORD-00477","2024-02-27","2024-02-28","CUST-0210","PROD-0012","7","0.15","1645.59","386.78","Standard Class"
"2069","ORD-00102","2024-07-08","2024-07-13","CUST-0250","PROD-0040","11","0.05","938.93","227.67","Standard Class"
"2070","ORD-01008","2023-10-01","2023-10-05","CUST-0170","PROD-0010","9","0.00","1646.91","443.70","Second Class"
"2071","ORD-02046","2025-08-09","2025-08-14","CUST-0105","PROD-0037","2","0.00","1451.88","568.98","Second Class"
"2072","ORD-05719","2024-05-18","2024-05-25","CUST-0164","PROD-0016","11","0.10","359.37","94.05","Second Class"
"2073","ORD-06471","2025-01-29","2025-02-04","CUST-0081","PROD-0013","11","0.00","5694.26","2297.46","Standard Class"
"2074","ORD-06140","2024-09-26","2024-10-02","CUST-0027","PROD-0009","2","0.00","916.92","395.98","Second Class"
"2075","ORD-03259","2024-04-24","2024-04-29","CUST-0240","PROD-0022","7","0.00","197.12","78.82","Same Day"
"2076","ORD-05341","2025-03-15","2025-03-20","CUST-0180","PROD-0035","3","0.15","1067.02","209.92","First Class"
"2077","ORD-01509","2023-12-05","2023-12-08","CUST-0076","PROD-0010","4","0.00","731.96","197.20","Second Class"
"2078","ORD-01088","2023-11-05","2023-11-12","CUST-0036","PROD-0021","4","0.10","250.88","44.68","Standard Class"
"2079","ORD-03159","2025-06-16","2025-06-19","CUST-0212","PROD-0001","7","0.15","2721.41","767.57","Standard Class"
"2080","ORD-02110","2025-10-18","2025-10-19","CUST-0097","PROD-0038","11","0.10","1644.39","271.48","Standard Class"
"2081","ORD-06346","2024-07-04","2024-07-09","CUST-0023","PROD-0028","6","0.00","139.14","45.36","Standard Class"
"2082","ORD-02785","2025-03-25","2025-03-26","CUST-0180","PROD-0008","3","0.00","441.69","182.13","Second Class"
"2083","ORD-02312","2024-08-18","2024-08-21","CUST-0017","PROD-0040","12","0.10","970.38","194.46","First Class"
"2084","ORD-03178","2024-09-11","2024-09-16","CUST-0113","PROD-0029","5","0.00","233.10","83.20","Standard Class"
"2085","ORD-00931","2023-05-15","2023-05-21","CUST-0157","PROD-0004","9","0.15","4453.75","1541.44","Standard Class"
"2086","ORD-03390","2025-03-19","2025-03-26","CUST-0153","PROD-0033","10","0.00","7900.10","3007.70","Standard Class"
"2087","ORD-05824","2023-12-11","2023-12-14","CUST-0142","PROD-0014","2","0.20","299.14","73.92","Standard Class"
"2088","ORD-03955","2023-10-13","2023-10-17","CUST-0157","PROD-0039","8","0.00","5153.28","1807.92","First Class"
"2089","ORD-05458","2024-07-19","2024-07-24","CUST-0021","PROD-0037","1","0.00","725.94","284.49","Standard Class"
"2090","ORD-05034","2024-11-02","2024-11-09","CUST-0140","PROD-0030","4","0.15","1806.62","353.38","Standard Class"
"2091","ORD-04369","2024-09-24","2024-09-29","CUST-0045","PROD-0013","7","0.10","3261.26","1099.66","Standard Class"
"2092","ORD-03487","2025-01-17","2025-01-23","CUST-0066","PROD-0017","6","0.00","561.54","262.32","Standard Class"
"2093","ORD-02679","2025-08-29","2025-09-02","CUST-0112","PROD-0011","11","0.00","4951.10","1187.12","Same Day"
"2094","ORD-02517","2025-09-15","2025-09-22","CUST-0225","PROD-0026","5","0.00","386.45","166.25","Standard Class"
"2095","ORD-04518","2025-08-02","2025-08-07","CUST-0184","PROD-0008","12","0.05","1678.42","640.18","Standard Class"
"2096","ORD-00899","2024-02-19","2024-02-23","CUST-0070","PROD-0004","11","0.15","5443.48","1883.99","Standard Class"
"2097","ORD-05117","2024-10-05","2024-10-09","CUST-0214","PROD-0003","5","0.00","718.80","238.35","Second Class"
"2098","ORD-00563","2024-11-06","2024-11-09","CUST-0003","PROD-0015","10","0.10","801.99","211.19","Standard Class"
"2099","ORD-03062","2024-07-09","2024-07-11","CUST-0227","PROD-0005","9","0.05","2231.21","784.64","Standard Class"
"2100","ORD-05348","2023-10-14","2023-10-20","CUST-0057","PROD-0002","2","0.00","279.68","102.34","Standard Class"
"2101","ORD-05612","2024-03-16","2024-03-17","CUST-0007","PROD-0013","6","0.00","3105.96","1253.16","Standard Class"
"2102","ORD-03628","2024-08-25","2024-09-01","CUST-0091","PROD-0034","2","0.00","371.46","112.88","First Class"
"2103","ORD-02617","2025-10-19","2025-10-20","CUST-0242","PROD-0029","12","0.00","559.44","199.68","Standard Class"
"2104","ORD-01577","2023-12-25","2023-12-26","CUST-0095","PROD-0003","4","0.00","575.04","190.68","Second Class"
"2105","ORD-04179","2024-02-09","2024-02-11","CUST-0026","PROD-0003","2","0.00","287.52","95.34","First Class"
"2106","ORD-01318","2024-08-24","2024-08-30","CUST-0007","PROD-0019","11","0.00","1139.38","501.05","Standard Class"
"2107","ORD-06152","2024-09-18","2024-09-23","CUST-0209","PROD-0040","9","0.15","687.35","105.41","Standard Class"
"2108","ORD-02634","2024-04-20","2024-04-22","CUST-0018","PROD-0012","10","0.00","2765.70","967.40","Standard Class"
"2109","ORD-02853","2025-09-29","2025-10-06","CUST-0154","PROD-0034","4","0.10","668.63","151.47","Same Day"
"2110","ORD-05718","2025-05-30","2025-06-06","CUST-0070","PROD-0029","5","0.00","233.10","83.20","Standard Class"
"2111","ORD-02677","2025-10-07","2025-10-09","CUST-0128","PROD-0026","5","0.10","347.81","127.61","First Class"
"2112","ORD-03828","2023-08-04","2023-08-05","CUST-0235","PROD-0009","3","0.00","1375.38","593.97","Standard Class"
"2113","ORD-02320","2025-03-14","2025-03-18","CUST-0091","PROD-0037","7","0.20","4065.26","975.11","Standard Class"
"2114","ORD-03118","2024-03-01","2024-03-04","CUST-0164","PROD-0032","12","0.00","2147.64","645.60","Same Day"
"2115","ORD-04566","2025-01-24","2025-01-28","CUST-0137","PROD-0026","12","0.15","788.36","259.88","First Class"
"2116","ORD-04547","2024-11-23","2024-11-26","CUST-0247","PROD-0039","12","0.00","7729.92","2711.88","Standard Class"
"2117","ORD-03284","2025-02-19","2025-02-23","CUST-0144","PROD-0018","3","0.00","235.29","84.57","First Class"
"2118","ORD-03290","2024-12-13","2024-12-16","CUST-0215","PROD-0002","3","0.00","419.52","153.51","Standard Class"
"2119","ORD-03356","2025-03-13","2025-03-14","CUST-0004","PROD-0034","12","0.05","2117.32","565.84","Standard Class"
"2120","ORD-00763","2023-10-08","2023-10-09","CUST-0105","PROD-0033","9","0.00","7110.09","2706.93","Standard Class"
"2121","ORD-05811","2024-10-28","2024-11-01","CUST-0098","PROD-0013","2","0.00","1035.32","417.72","Standard Class"
"2122","ORD-02561","2025-12-29","2026-01-02","CUST-0092","PROD-0004","11","0.10","5763.68","2204.19","First Class"
"2123","ORD-01090","2025-07-26","2025-07-31","CUST-0179","PROD-0024","3","0.00","265.86","120.42","First Class"
"2124","ORD-03494","2025-11-23","2025-11-30","CUST-0132","PROD-0010","12","0.05","2086.09","481.81","Standard Class"
"2125","ORD-05312","2023-12-22","2023-12-26","CUST-0001","PROD-0025","11","0.00","385.44","179.19","Second Class"
"2126","ORD-02962","2025-03-04","2025-03-05","CUST-0116","PROD-0022","9","0.10","228.10","76.00","Second Class"
"2127","ORD-05292","2025-03-12","2025-03-14","CUST-0106","PROD-0016","12","0.00","435.60","146.16","Standard Class"
"2128","ORD-02481","2025-03-14","2025-03-18","CUST-0244","PROD-0016","3","0.05","103.45","31.09","Standard Class"
"2129","ORD-05920","2025-06-28","2025-06-30","CUST-0204","PROD-0037","10","0.10","6533.46","2118.96","Same Day"
"2130","ORD-05135","2025-06-13","2025-06-18","CUST-0213","PROD-0020","6","0.00","318.78","135.42","Standard Class"
"2131","ORD-04535","2024-04-13","2024-04-16","CUST-0103","PROD-0004","1","0.00","582.19","258.60","Standard Class"
"2132","ORD-04995","2025-07-11","2025-07-18","CUST-0210","PROD-0017","9","0.00","842.31","393.48","Same Day"
"2133","ORD-05508","2024-06-10","2024-06-14","CUST-0095","PROD-0026","11","0.00","850.19","365.75","Standard Class"
"2134","ORD-01207","2023-09-01","2023-09-07","CUST-0074","PROD-0036","1","0.00","496.39","135.58","Standard Class"
"2135","ORD-04054","2025-03-07","2025-03-08","CUST-0195","PROD-0034","9","0.00","1671.57","507.96","Standard Class"
"2136","ORD-02598","2024-06-24","2024-06-27","CUST-0239","PROD-0021","1","0.00","69.69","18.14","Standard Class"
"2137","ORD-03050","2024-09-27","2024-10-04","CUST-0028","PROD-0006","3","0.00","2122.32","922.41","Standard Class"
"2138","ORD-02753","2024-08-30","2024-08-31","CUST-0221","PROD-0011","6","0.00","2700.60","647.52","First Class"
"2139","ORD-02007","2025-03-25","2025-03-30","CUST-0023","PROD-0009","5","0.10","2063.07","760.72","Standard Class"
"2140","ORD-06458","2024-01-02","2024-01-09","CUST-0017","PROD-0010","1","0.10","164.69","31.00","Second Class"
"2141","ORD-06460","2025-07-19","2025-07-26","CUST-0242","PROD-0036","1","0.00","496.39","135.58","Second Class"
"2142","ORD-00177","2025-08-22","2025-08-23","CUST-0122","PROD-0017","11","0.00","1029.49","480.92","Standard Class"
"2143","ORD-02020","2025-06-04","2025-06-07","CUST-0216","PROD-0035","10","0.05","3975.18","1118.18","First Class"
"2144","ORD-01667","2025-11-14","2025-11-17","CUST-0025","PROD-0009","10","0.15","3896.91","1292.21","Standard Class"
"2145","ORD-03251","2025-05-05","2025-05-10","CUST-0045","PROD-0024","4","0.10","319.03","125.11","Standard Class"
"2146","ORD-04896","2025-08-04","2025-08-09","CUST-0074","PROD-0009","1","0.00","458.46","197.99","Second Class"
"2147","ORD-02814","2024-05-09","2024-05-12","CUST-0162","PROD-0018","5","0.05","372.54","121.34","Standard Class"
"2148","ORD-03319","2024-09-29","2024-10-01","CUST-0121","PROD-0006","11","0.05","7392.75","2993.08","Standard Class"
"2149","ORD-04812","2025-08-25","2025-08-31","CUST-0026","PROD-0026","9","0.00","695.61","299.25","Standard Class"
"2150","ORD-01683","2025-08-07","2025-08-11","CUST-0138","PROD-0034","2","0.00","371.46","112.88","Standard Class"
"2151","ORD-04681","2025-09-22","2025-09-27","CUST-0225","PROD-0035","10","0.05","3975.18","1118.18","First Class"
"2152","ORD-03108","2024-09-30","2024-10-01","CUST-0027","PROD-0006","12","0.05","8064.82","3265.18","Standard Class"
"2153","ORD-04233","2023-10-10","2023-10-14","CUST-0095","PROD-0018","8","0.00","627.44","225.52","Standard Class"
"2154","ORD-02346","2023-09-10","2023-09-16","CUST-0184","PROD-0033","11","0.00","8690.11","3308.47","Second Class"
"2155","ORD-02306","2025-02-14","2025-02-17","CUST-0063","PROD-0004","10","0.00","5821.90","2586.00","Second Class"
"2156","ORD-01470","2023-12-03","2023-12-06","CUST-0101","PROD-0013","2","0.15","880.02","262.42","First Class"
"2157","ORD-00195","2024-07-28","2024-07-30","CUST-0019","PROD-0029","12","0.00","559.44","199.68","Standard Class"
"2158","ORD-00411","2025-08-27","2025-09-02","CUST-0199","PROD-0006","8","0.05","5376.54","2176.78","Second Class"
"2159","ORD-04901","2025-11-20","2025-11-22","CUST-0114","PROD-0017","12","0.00","1123.08","524.64","Standard Class"
"2160","ORD-04783","2024-05-05","2024-05-07","CUST-0103","PROD-0028","4","0.10","83.48","20.96","Standard Class"
"2161","ORD-00387","2024-12-17","2024-12-21","CUST-0131","PROD-0025","10","0.00","350.40","162.90","Standard Class"
"2162","ORD-01336","2024-05-30","2024-05-31","CUST-0013","PROD-0036","1","0.00","496.39","135.58","Standard Class"
"2163","ORD-00274","2024-07-14","2024-07-17","CUST-0117","PROD-0039","7","0.10","4058.21","1131.02","First Class"
"2164","ORD-01330","2025-06-15","2025-06-19","CUST-0145","PROD-0039","2","0.10","1159.49","323.15","First Class"
"2165","ORD-01943","2024-01-12","2024-01-14","CUST-0221","PROD-0028","3","0.00","69.57","22.68","Second Class"
"2166","ORD-00549","2024-02-15","2024-02-22","CUST-0220","PROD-0007","4","0.00","1638.60","484.36","Same Day"
"2167","ORD-02875","2024-10-25","2024-10-27","CUST-0081","PROD-0032","1","0.00","178.97","53.80","Second Class"
"2168","ORD-01389","2024-05-25","2024-05-30","CUST-0212","PROD-0018","10","0.15","666.66","164.26","Second Class"
"2169","ORD-03232","2024-06-26","2024-06-28","CUST-0072","PROD-0035","12","0.00","5021.28","1592.88","Standard Class"
"2170","ORD-03679","2025-01-04","2025-01-11","CUST-0214","PROD-0024","11","0.00","974.82","441.54","Standard Class"
"2171","ORD-05349","2025-09-20","2025-09-24","CUST-0196","PROD-0010","9","0.05","1564.56","361.35","Second Class"
"2172","ORD-00565","2024-11-22","2024-11-25","CUST-0056","PROD-0030","11","0.00","5844.96","1848.55","Second Class"
"2173","ORD-04364","2025-05-28","2025-05-29","CUST-0198","PROD-0018","8","0.00","627.44","225.52","Standard Class"
"2174","ORD-02531","2023-04-15","2023-04-22","CUST-0250","PROD-0036","4","0.00","1985.56","542.32","Standard Class"
"2175","ORD-04733","2024-11-18","2024-11-25","CUST-0202","PROD-0020","5","0.05","252.37","99.57","Standard Class"
"2176","ORD-06364","2025-04-08","2025-04-09","CUST-0078","PROD-0010","6","0.00","1097.94","295.80","Second Class"
"2177","ORD-04857","2025-05-06","2025-05-07","CUST-0049","PROD-0039","4","0.05","2447.81","775.13","Same Day"
"2178","ORD-04528","2025-09-20","2025-09-21","CUST-0230","PROD-0013","8","0.10","3727.15","1256.75","Standard Class"
"2179","ORD-00339","2025-05-15","2025-05-22","CUST-0112","PROD-0015","2","0.00","178.22","60.06","Second Class"
"2180","ORD-06332","2025-07-18","2025-07-23","CUST-0204","PROD-0003","9","0.00","1293.84","429.03","Standard Class"
"2181","ORD-01956","2025-05-01","2025-05-08","CUST-0117","PROD-0010","9","0.00","1646.91","443.70","Standard Class"
"2182","ORD-04784","2024-10-26","2024-11-02","CUST-0033","PROD-0009","3","0.00","1375.38","593.97","Standard Class"
"2183","ORD-01659","2025-09-20","2025-09-27","CUST-0032","PROD-0018","12","0.05","894.10","291.22","Second Class"
"2184","ORD-05782","2025-02-10","2025-02-16","CUST-0012","PROD-0023","10","0.10","58.77","12.37","First Class"
"2185","ORD-03342","2025-07-22","2025-07-23","CUST-0127","PROD-0018","3","0.05","223.53","72.81","Standard Class"
"2186","ORD-02439","2024-02-10","2024-02-15","CUST-0003","PROD-0009","3","0.00","1375.38","593.97","Standard Class"
"2187","ORD-03249","2023-01-23","2023-01-25","CUST-0215","PROD-0024","7","0.00","620.34","280.98","Standard Class"
"2188","ORD-03984","2024-03-02","2024-03-06","CUST-0114","PROD-0020","6","0.10","286.90","103.54","Standard Class"
"2189","ORD-04782","2025-10-08","2025-10-13","CUST-0190","PROD-0038","3","0.00","498.30","123.87","Same Day"
"2190","ORD-01748","2023-07-17","2023-07-19","CUST-0180","PROD-0015","6","0.00","534.66","180.18","Standard Class"
"2191","ORD-03629","2025-10-15","2025-10-21","CUST-0186","PROD-0001","6","0.05","2607.07","932.35","Standard Class"
"2192","ORD-00614","2025-06-14","2025-06-20","CUST-0070","PROD-0025","8","0.10","252.29","102.29","Second Class"
"2193","ORD-06102","2025-07-15","2025-07-20","CUST-0007","PROD-0037","10","0.05","6896.43","2481.93","Standard Class"
"2194","ORD-00037","2024-12-17","2024-12-21","CUST-0099","PROD-0010","1","0.00","182.99","49.30","Same Day"
"2195","ORD-02566","2024-08-08","2024-08-11","CUST-0126","PROD-0007","9","0.00","3686.85","1089.81","Standard Class"
"2196","ORD-04248","2024-10-09","2024-10-15","CUST-0014","PROD-0027","12","0.00","848.40","370.56","Standard Class"
"2197","ORD-03889","2024-09-24","2024-09-28","CUST-0221","PROD-0040","3","0.10","242.59","48.61","Standard Class"
"2198","ORD-00503","2025-05-02","2025-05-07","CUST-0096","PROD-0026","2","0.00","154.58","66.50","Standard Class"
"2199","ORD-01835","2025-03-23","2025-03-24","CUST-0146","PROD-0037","10","0.20","5807.52","1393.02","Standard Class"
"2200","ORD-05486","2024-12-22","2024-12-29","CUST-0185","PROD-0001","1","0.05","434.51","155.39","Standard Class"
"2201","ORD-02325","2024-09-08","2024-09-12","CUST-0091","PROD-0014","10","0.00","1869.60","743.50","Second Class"
